"﻿""pitch_type""",game_date,release_speed,release_pos_x,release_pos_z,player_name,batter,pitcher,events,description,spin_dir,spin_rate_deprecated,break_angle_deprecated,break_length_deprecated,zone,des,game_type,stand,p_throws,home_team,away_team,type,hit_location,bb_type,balls,strikes,game_year,pfx_x,pfx_z,plate_x,plate_z,on_3b,on_2b,on_1b,outs_when_up,inning,inning_topbot,hc_x,hc_y,tfs_deprecated,tfs_zulu_deprecated,umpire,sv_id,vx0,vy0,vz0,ax,ay,az,sz_top,sz_bot,hit_distance_sc,launch_speed,launch_angle,effective_speed,release_spin_rate,release_extension,game_pk,fielder_2,fielder_3,fielder_4,fielder_5,fielder_6,fielder_7,fielder_8,fielder_9,release_pos_y,estimated_ba_using_speedangle,estimated_woba_using_speedangle,woba_value,woba_denom,babip_value,iso_value,launch_speed_angle,at_bat_number,pitch_number,pitch_name,home_score,away_score,bat_score,fld_score,post_away_score,post_home_score,post_bat_score,post_fld_score,if_fielding_alignment,of_fielding_alignment,spin_axis,delta_home_win_exp,delta_run_exp,bat_speed,swing_length,estimated_slg_using_speedangle,delta_pitcher_run_exp,hyper_speed,home_score_diff,bat_score_diff,home_win_exp,bat_win_exp,age_pit_legacy,age_bat_legacy,age_pit,age_bat,n_thruorder_pitcher,n_priorpa_thisgame_player_at_bat,pitcher_days_since_prev_game,batter_days_since_prev_game,pitcher_days_until_next_game,batter_days_until_next_game,api_break_z_with_gravity,api_break_x_arm,api_break_x_batter_in,arm_angle,attack_angle,attack_direction,swing_path_tilt,intercept_ball_minus_batter_pos_x_inches,intercept_ball_minus_batter_pos_y_inches
FF,2026-04-12,97.8,-2.4,5.9,"Lindor, Francisco",596019,665660,,ball,,,,,11,Ball,R,L,R,NYM,ATH,B,,,0,0,2026,-1.11,1.35,-1.8776725851194198,3.885106175660145,,,621438,2,8,Bot,,,,,,,3.9398401968304047,-142.30511378384193,-2.867714745268321,-15.924842735271167,36.11673130305717,-13.484572136933574,3.107668963,1.568356299,,,,96.3,2269,5.7,823642,669127,701762,643446,691777,687231,691016,672016,671732,54.83,,,,,,,,59,1,4-Seam Fastball,0,1,0,1,1,0,0,1,Standard,Standard,224,0.006,0.035,,,,-0.035,,-1,-1,0.233,0.233,27,32,27,33,1,3,2,1,2,1,1.05,1.11,-1.11,23.9,,,,,
FF,2026-04-12,93.8,2.05,6.25,"Vientos, Mark",668901,663687,,swinging_strike,,,,,6,Swinging Strike,R,R,L,NYM,ATH,S,,,0,0,2026,1.09,1.46,0.6332766461522756,2.3690529647248044,620443,,593871,2,6,Bot,,,,,,,-6.090717482693746,-136.17457606597694,-7.277741398249151,14.959027221390283,34.061721131360805,-12.591425600209341,3.340239501,1.685728347,,,,93.4,2381,6.5,823642,669127,701762,643446,691777,687231,691016,672016,671732,53.99,,,,,,,,46,1,4-Seam Fastball,0,1,0,1,1,0,0,1,Standard,Standard,147,-0.013,-0.035,73.1,6.8,,0.035,,-1,-1,0.396,0.396,29,26,30,27,1,0,3,1,2,1,1.17,1.09,-1.09,57.6,-0.9944985693475618,31.58572674752017,35.190859470860005,44.484326130469114,10.139565979227307
FC,2026-04-12,91,-1.66,6,"Polanco, Jorge",593871,669270,,ball,,,,,14,Ball,R,L,R,NYM,ATH,B,,,0,0,2026,-0.05,0.77,1.4545621673356486,2.035904995672074,,,,0,9,Bot,,,,,,,7.926118785616082,-132.3945439532502,-5.649812273590482,-2.0122370298107115,23.068084852741606,-22.14556667893344,3.191043307,1.610433071,,,,92.8,2378,6.9,823642,669127,701762,643446,691777,687231,691016,672016,671732,53.56,,,,,,,,63,1,Cutter,0,1,0,1,1,0,0,1,Standard,Standard,196,0.013,0.041,,,,-0.041,,-1,-1,0.204,0.204,31,32,31,33,1,3,1,1,3,1,1.94,0.05,-0.05,29.9,,,,,
FF,2026-04-12,88.5,-2.48,5,"Semien, Marcus",543760,605130,,called_strike,,,,,3,Called Strike,R,R,R,NYM,ATH,S,,,0,0,2026,-0.06,0.87,0.6499091406434789,3.0431564248226692,,,,2,7,Bot,,,,,,,7.75099645988799,-128.7573644552166,-0.3944810541109821,-2.188932750082721,26.121971994683797,-22.583312310143466,3.212106299,1.621062992,,,,89.6,2258,6.9,823642,669127,701762,643446,691777,687231,691016,672016,671732,53.56,,,,,,,,52,1,4-Seam Fastball,0,1,0,1,1,0,0,1,Standard,Standard,211,-0.004,-0.043,,,,0.043,,-1,-1,0.279,0.279,33,35,34,36,1,2,2,1,3,1,2.03,0.06,0.06,20.7,,,,,
SI,2026-04-12,90.6,-1.1,6.14,"Lindor, Francisco",596019,650644,,ball,,,,,11,Ball,R,L,R,NYM,ATH,B,,,0,0,2026,-1.11,1.15,-1.1821607100450189,3.097270742076421,,,,0,1,Bot,,,,,,,2.1693508656315568,-131.9364779421375,-3.9372235980077375,-13.44942340268128,28.27536607784196,-18.07775771342128,3.107668963,1.568356299,,,,89.5,2324,5.6,823642,669127,701762,643446,691777,687231,691016,672016,671732,54.92,,,,,,,,5,1,Sinker,0,0,0,0,0,0,0,0,Standard,Standard,213,0.003,0.041,,,,-0.041,,0,0,0.548,0.548,31,32,31,33,1,0,5,1,5,1,1.62,1.11,-1.11,38.8,,,,,
SI,2026-04-12,90.7,-1.04,6.1,"Lindor, Francisco",596019,650644,,swinging_strike,,,,,6,Swinging Strike,R,L,R,NYM,ATH,S,,,1,0,2026,-1.15,1.06,0.5398041262130719,2.061086499278182,,,,0,1,Bot,,,,,,,6.302704805942536,-131.8006469421371,-6.131952034243954,-14.784468511981888,29.03910458028811,-18.71842019847463,3.107668963,1.568356299,,,,89.4,45,5.6,823642,669127,701762,643446,691777,687231,691016,672016,671732,54.89,,,,,,,,5,2,Sinker,0,0,0,0,0,0,0,0,Standard,Standard,215,-0.004,-0.05,75.3,8.6,,0.05,,0,0,0.551,0.551,31,32,31,33,1,0,5,1,5,1,1.73,1.15,-1.15,34.7,29.317274735503887,-37.995635612425986,37.90863310193191,30.861244192950736,50.39381933867202
ST,2026-04-12,80,-2.85,4.84,"Semien, Marcus",543760,605130,field_out,hit_into_play,,,,,5,Marcus Semien flies out to left fielder Tyler Soderstrom.,R,R,R,NYM,ATH,X,7,fly_ball,0,1,2026,1.58,0.62,0.14908717897769264,2.3998406993090673,,,,2,7,Bot,73.71,63.28,,,,,3.536258326623593,-116.54764947159089,0.27648093492510517,13.838337205102876,20.117152696043124,-26.70961956530336,3.212106299,1.621062992,359,99.7,36,80.8,2521,6.6,823642,669127,701762,643446,691777,687231,691016,672016,671732,53.9,0.34,0.651,0,1,0,0,5,52,2,Sweeper,0,1,0,1,1,0,0,1,Standard,Standard,98,-0.02,-0.217,71.9,7.8,1.266,0.217,99.7,-1,-1,0.275,0.275,33,35,34,36,1,2,2,1,3,1,2.91,-1.58,-1.58,16.8,16.382735312534855,-7.477292706024718,34.83437063382063,32.58400732604806,35.980613577651226
FF,2026-04-12,97.1,-2.31,5.76,"Lindor, Francisco",596019,665660,,ball,,,,,12,Ball,R,L,R,NYM,ATH,B,,,1,0,2026,-1.1,1.5,1.0515178066179822,3.37998164661301,,,621438,2,8,Bot,,,,,,,11.33722231714535,-140.84861990698047,-4.010933204536195,-17.481519189023327,36.73246755694724,-11.618243334932771,3.107668963,1.568356299,,,,95.5,2343,5.9,823642,669127,701762,643446,691777,687231,691016,672016,671732,54.6,,,,,,,,59,2,4-Seam Fastball,0,1,0,1,1,0,0,1,Standard,Standard,229,0.011,0.048,,,,-0.048,,-1,-1,0.239,0.239,27,32,27,33,1,3,2,1,2,1,0.97,1.1,-1.1,21.9,,,,,
FF,2026-04-12,94.4,1.83,6.27,"Vientos, Mark",668901,663687,field_out,hit_into_play,,,,,14,Mark Vientos flies out to right fielder Lawrence Butler.,R,R,L,NYM,ATH,X,9,fly_ball,0,1,2026,1.23,1.48,0.8775758390487831,1.8946124589043176,620443,,593871,2,6,Bot,193,112.27,,,,,-5.241234019356308,-137.02677705046491,-8.674206036509384,16.680532960041543,35.00656634878985,-11.7446799548927,3.340239501,1.685728347,272,83.3,32,93.7,2490,6.4,823642,669127,701762,643446,691777,687231,691016,672016,671732,54.13,0.029,0.031,0,1,0,0,3,46,2,4-Seam Fastball,0,1,0,1,1,0,0,1,Standard,Standard,151,-0.075,-0.237,73.3,7.8,0.05,0.237,88.0,-1,-1,0.383,0.383,29,26,30,27,1,0,3,1,2,1,1.12,1.23,-1.23,59.0,8.324583967668639,9.584144441812697,33.830996443649376,46.28332236313806,21.52229963111385
SI,2026-04-12,94.3,-1.29,6.08,"Polanco, Jorge",593871,669270,field_out,hit_into_play,,,,,7,"Jorge Polanco grounds out, second baseman Jeff McNeil to first baseman Nick Kurtz.",R,L,R,NYM,ATH,X,4,ground_ball,1,0,2026,-1.2,0.37,-0.33439191566936133,1.5089032985472226,,,,0,9,Bot,142.48,159.27,,,,,5.216783556826678,-137.27801810857977,-6.869103465883415,-16.364662977522887,27.81135367183548,-26.290871561066915,3.191043307,1.610433071,3,63.1,-32,95.5,2226,6.7,823642,669127,701762,643446,691777,687231,691016,672016,671732,53.75,0.057,0.051,0,1,0,0,2,63,2,Sinker,0,1,0,1,1,0,0,1,Standard,Standard,219,-0.102,-0.301,72.6,6.9,0.058,0.301,88.0,-1,-1,0.217,0.217,31,32,31,33,1,3,1,1,3,1,2.18,1.2,-1.2,31.2,-5.6234298314016105,4.808412538534379,34.30886037753112,39.986950600712646,22.51298986437851
CU,2026-04-12,74.2,1.97,6.21,"Bichette, Bo",666182,663687,,called_strike,,,,,4,Called Strike,R,R,L,NYM,ATH,S,,,0,0,2026,-0.57,-1.42,-0.7180266550604457,2.4255720381280845,,,,0,7,Bot,,,,,,,-4.400922074178306,-107.87209207089532,2.3313840594221897,-3.603647610453727,20.44325463558468,-43.84095415982291,3.162081693,1.595816929,,,,73.8,2664,6.3,823642,669127,701762,643446,691777,687231,691016,672016,671732,54.23,,,,,,,,50,1,Curveball,0,1,0,1,1,0,0,1,Standard,Standard,341,-0.007,-0.039,,,,0.039,,-1,-1,0.364,0.364,29,28,30,28,1,2,3,1,2,1,5.59,-0.57,0.57,56.7,,,,,
CU,2026-04-12,78.9,-0.75,6.43,"Lindor, Francisco",596019,650644,,ball,,,,,14,Ball,R,L,R,NYM,ATH,B,,,1,1,2026,1,-1.11,1.2040045405744955,1.6727352979192185,,,,0,1,Bot,,,,,,,2.268834845380839,-114.86498161338424,-1.1410488580830982,8.374994103773645,23.139726967931715,-41.95993576643013,3.107668963,1.568356299,,,,77.6,3055,5.6,823642,669127,701762,643446,691777,687231,691016,672016,671732,54.94,,,,,,,,5,3,Curveball,0,0,0,0,0,0,0,0,Standard,Standard,45,0.004,0.055,,,,-0.055,,0,0,0.547,0.547,31,32,31,33,1,0,5,1,5,1,4.8,-1,1,46.6,,,,,
FF,2026-04-12,97.4,-2.36,5.79,"Lindor, Francisco",596019,665660,,called_strike,,,,,1,Called Strike,R,L,R,NYM,ATH,S,,,2,0,2026,-1,1.59,-0.5939359647468938,3.1768924162856833,,,621438,2,8,Bot,,,,,,,6.952251514937457,-141.5163859290975,-4.905015216914982,-15.17152086140179,37.05236541039766,-9.927708933318637,3.107668963,1.568356299,,,,95.7,2388,5.8,823642,669127,701762,643446,691777,687231,691016,672016,671732,54.75,,,,,,,,59,3,4-Seam Fastball,0,1,0,1,1,0,0,1,Standard,Standard,226,-0.011,-0.044,,,,0.044,,-1,-1,0.25,0.25,27,32,27,33,1,3,2,1,2,1,0.85,1,-1,25.7,,,,,
SI,2026-04-12,95.1,-1.34,6.31,"Vientos, Mark",668901,669270,field_out,hit_into_play,,,,,8,"Mark Vientos grounds out, third baseman Max Muncy to first baseman Nick Kurtz.",R,R,R,NYM,ATH,X,5,ground_ball,0,0,2026,-1.32,0.61,-0.22613469127653762,1.9908683457851915,,,,1,9,Bot,111.41,173.38,,,,,5.976874827736589,-138.36307143955443,-6.920176998366223,-18.22947483503974,29.9394415039245,-22.953803256948905,3.340239501,1.685728347,1,74.8,-59,96.5,2213,7,823642,669127,701762,643446,691777,687231,691016,672016,671732,53.48,0.25,0.225,0,1,0,0,2,64,1,Sinker,0,1,0,1,1,0,0,1,Standard,Standard,216,-0.068,-0.254,66.8,6.9,0.25,0.254,88.0,-1,-1,0.115,0.115,31,26,31,27,1,1,1,1,3,1,1.9,1.32,1.32,40.2,7.121438277865174,28.81116194778244,29.65097724143625,34.886445993554695,16.69971778869799
SI,2026-04-12,88.4,-2.46,5.01,"Benge, Carson",701807,605130,,ball,,,,,14,Ball,R,L,R,NYM,ATH,B,,,0,0,2026,-1.03,0.93,1.1448513611025384,1.505422628341821,,,,0,8,Bot,,,,,,,11.031689921897565,-128.21235359940596,-4.2198412870600635,-13.747106872629079,27.501780950893792,-21.17369683705782,3.259498032,1.644980315,,,,89.5,2039,7.3,823642,669127,701762,643446,691777,687231,691016,672016,671732,53.24,,,,,,,,56,1,Sinker,0,1,0,1,1,0,0,1,Standard,Standard,216,0.01,0.041,,,,-0.041,,-1,-1,0.308,0.308,33,23,34,23,1,2,2,1,3,2,2.01,1.03,-1.03,21.5,,,,,
CH,2026-04-12,83.6,2.09,5.84,"Bichette, Bo",666182,663687,,ball,,,,,13,Ball,R,R,L,NYM,ATH,B,,,0,1,2026,1.75,1.09,-0.21169856821802946,1.1207325554506515,,,,0,7,Bot,,,,,,,-8.765377324861698,-121.35058078703088,-6.381585229864396,18.96593520649297,23.558286500831375,-20.325572301267478,3.162081693,1.595816929,,,,83.9,2088,6.6,823642,669127,701762,643446,691777,687231,691016,672016,671732,53.88,,,,,,,,50,2,Changeup,0,1,0,1,1,0,0,1,Standard,Standard,125,0.005,0.031,,,,-0.031,,-1,-1,0.357,0.357,29,28,30,28,1,2,3,1,2,1,2.19,1.75,-1.75,45.8,,,,,
SI,2026-04-12,93,-1.14,6.31,"Bichette, Bo",666182,669270,field_out,hit_into_play,,,,,11,"Bo Bichette grounds out, second baseman Jeff McNeil to first baseman Nick Kurtz.",R,R,R,NYM,ATH,X,4,ground_ball,0,0,2026,-1.42,0.68,-0.8983575082324855,3.37068290942237,,,,2,9,Bot,138.5,155.22,,,,,3.8194192532045017,-135.46687452354783,-3.12224102639619,-18.262684525418656,29.85711011826658,-23.346419416687933,3.162081693,1.595816929,33,58.4,-1,94.1,2227,6.9,823642,669127,701762,643446,691777,687231,691016,672016,671732,53.59,0.089,0.084,0,1,0,0,1,65,1,Sinker,0,1,0,1,1,0,0,1,Standard,Standard,316,-0.047,-0.26,59.2,5.9,0.105,0.26,88.0,-1,-1,0.047,0.047,31,28,31,28,1,3,1,1,3,1,1.95,1.42,1.42,42.7,-0.34537242850337135,19.18181133450417,31.26199721137869,23.11085730695269,22.073157991967808
FC,2026-04-12,88.8,-0.92,6.2,"Lindor, Francisco",596019,650644,single,hit_into_play,,,,,9,Francisco Lindor singles on a line drive to right fielder Lawrence Butler.,R,L,R,NYM,ATH,X,9,line_drive,2,1,2026,0.62,1.01,0.41641493430630494,1.9897965153089157,,,,0,1,Bot,189.67,134.36,,,,,1.8991191277920991,-129.25742188462982,-6.152048633197025,6.547093544254375,25.738001056362137,-19.798507854904372,3.107668963,1.568356299,173,88.8,13,88.2,2664,5.8,823642,669127,701762,643446,691777,687231,691016,672016,671732,54.7,0.914,0.876,0.9,1,1,0,4,5,4,Cutter,0,0,0,0,0,0,0,0,Standard,Standard,176,0.032,0.392,77.2,8.0,1.07,-0.392,88.8,0,0,0.551,0.551,31,32,31,33,1,0,5,1,5,1,1.87,-0.62,0.62,39.4,14.168446373430733,-6.789871603636086,38.9061016558413,31.226654948875733,32.50091266586744
SI,2026-04-12,89.7,-2.31,5.16,"Benge, Carson",701807,605130,,ball,,,,,13,Ball,R,L,R,NYM,ATH,B,,,1,0,2026,-1.13,0.73,-1.0232004040930733,2.1289429832324327,,,,0,8,Bot,,,,,,,5.658706035047661,-130.4523442865436,-2.823270718770167,-14.120017461699339,30.855584253482867,-23.491904193313488,3.259498032,1.644980315,,,,90.3,2091,7,823642,669127,701762,643446,691777,687231,691016,672016,671732,53.5,,,,,,,,56,2,Sinker,0,1,0,1,1,0,0,1,Standard,Standard,315,0.019,0.077,,,,-0.077,,-1,-1,0.318,0.318,33,23,34,23,1,2,2,1,3,2,2.14,1.13,-1.13,22.9,,,,,
FF,2026-04-12,97.7,-2.38,5.81,"Lindor, Francisco",596019,665660,,foul_tip,,,,,2,Foul Tip,R,L,R,NYM,ATH,S,,,2,1,2026,-0.92,1.48,0.24085699837406305,2.6983765451946167,,,621438,2,8,Bot,,,,,,,8.992530285455537,-141.84627066525255,-6.012529108331432,-14.538155492701769,36.02025144009185,-11.001937930067271,3.107668963,1.568356299,,,,96.2,2321,5.8,823642,669127,701762,643446,691777,687231,691016,672016,671732,54.71,,,,,,,,59,4,4-Seam Fastball,0,1,0,1,1,0,0,1,Standard,Standard,227,-0.016,-0.093,75.2,7.1,,0.093,,-1,-1,0.239,0.239,27,32,27,33,1,3,2,1,2,1,0.94,0.92,-0.92,20.5,6.837845399222767,8.372113802040031,36.46962130855719,33.41535214911278,21.730788403204606
FC,2026-04-12,86.9,-1.06,6.25,"Polanco, Jorge",593871,650644,,ball,,,,,11,Ball,R,L,R,NYM,ATH,B,,,0,0,2026,0.6,0.92,-0.6871543818527791,3.682223777334845,,,596019,0,1,Bot,,,,,,,-0.3533850397936654,-126.77282950693065,-1.7809125052021533,6.607914557269094,22.892434972677073,-22.068874516944692,3.191043307,1.610433071,,,,86.4,254,5.5,823642,669127,701762,643446,691777,687231,691016,672016,671732,54.95,,,,,,,,6,1,Cutter,0,0,0,0,0,0,0,0,Standard,Strategic,163,0.005,0.04,,,,-0.04,,0,0,0.583,0.583,31,32,31,33,1,0,5,1,5,1,2.06,-0.6,0.6,40.2,,,,,
FF,2026-04-12,95.4,2.01,6.05,"Bichette, Bo",666182,663687,,ball,,,,,13,Ball,R,R,L,NYM,ATH,B,,,1,1,2026,0.59,1.6,-0.8759662672609151,1.0955634083089367,,,,0,7,Bot,,,,,,,-8.857115326970927,-138.43039164535608,-10.849288395005468,9.464337925893766,28.89727955249768,-9.275305928680016,3.162081693,1.595816929,,,,95.9,2361,6.6,823642,669127,701762,643446,691777,687231,691016,672016,671732,53.89,,,,,,,,50,3,4-Seam Fastball,0,1,0,1,1,0,0,1,Standard,Standard,158,0.01,0.055,,,,-0.055,,-1,-1,0.362,0.362,29,28,30,28,1,2,3,1,2,1,0.9,0.59,-0.59,56.4,,,,,
FF,2026-04-12,98.2,-2.41,5.83,"Lindor, Francisco",596019,665660,,foul,,,,,3,Foul,R,L,R,NYM,ATH,S,,,2,2,2026,-1.32,1.31,0.6592970198856241,2.9058471252564018,,,621438,2,8,Bot,,,,,,,11.166524775211876,-142.4126262022613,-5.159805121720323,-20.694658978858815,37.654489866433245,-13.411537585406379,3.107668963,1.568356299,269,79.5,44,96.4,2505,5.8,823642,669127,701762,643446,691777,687231,691016,672016,671732,54.69,,,,,,,,59,5,4-Seam Fastball,0,1,0,1,1,0,0,1,Infield shade,Standard,226,0,0,73.5,7.6,,0,88.0,-1,-1,0.223,0.223,27,32,27,33,1,3,2,1,2,1,1.1,1.32,-1.32,23.6,15.666957409441254,-21.27136807985969,33.02325464328488,28.434620766985894,34.286391381697776
SI,2026-04-12,89.4,-2.49,5.05,"Benge, Carson",701807,605130,,foul,,,,,5,Foul,R,L,R,NYM,ATH,S,,,2,0,2026,-0.62,0.8,-0.08461249664143411,2.496160198730304,,,,0,8,Bot,,,,,,,7.2649539728457,-130.06129091805016,-1.8306067007572264,-8.518678446101271,26.480425744960172,-22.909558091136446,3.259498032,1.644980315,153,72.5,16,90.7,2081,7,823642,669127,701762,643446,691777,687231,691016,672016,671732,53.47,,,,,,,,56,3,Sinker,0,1,0,1,1,0,0,1,Standard,Standard,220,-0.019,-0.072,73.0,5.9,,0.072,88.0,-1,-1,0.337,0.337,33,23,34,23,1,2,2,1,3,2,2.05,0.62,-0.62,23.1,-8.036343587465163,21.97404307072376,33.83353048895164,35.61516504459414,25.65061792925549
FF,2026-04-12,94.3,1.9,6.16,"Bichette, Bo",666182,663687,,swinging_strike,,,,,12,Swinging Strike,R,R,L,NYM,ATH,S,,,2,1,2026,0.81,1.88,0.9945505575791214,2.948648671783788,,,,0,7,Bot,,,,,,,-4.175943648028571,-137.10809152007113,-6.655966872414198,11.165464257003908,33.166672293022785,-7.217508865918632,3.162081693,1.595816929,,,,94.2,2420,6.5,823642,669127,701762,643446,691777,687231,691016,672016,671732,53.99,,,,,,,,50,4,4-Seam Fastball,0,1,0,1,1,0,0,1,Standard,Standard,157,-0.015,-0.073,69.9,6.7,,0.073,,-1,-1,0.372,0.372,29,28,30,28,1,2,3,1,2,1,0.71,0.81,-0.81,61.3,-12.337697976262762,33.849568467385126,33.08252276168229,44.401774165292245,3.7047637554348585
SI,2026-04-12,90.1,-1.04,6.15,"Polanco, Jorge",593871,650644,,ball,,,,,11,Ball,R,L,R,NYM,ATH,B,,,1,0,2026,-1.11,1.07,-1.5766318746657872,3.187417705225671,,,596019,0,1,Bot,,,,,,,1.0681552933655365,-131.22500799336416,-3.500202333313217,-13.05996777931331,27.490494202149097,-19.26169719544438,3.191043307,1.610433071,,,,89.1,2291,5.6,823642,669127,701762,643446,691777,687231,691016,672016,671732,54.91,,,,,,,,6,2,Sinker,0,0,0,0,0,0,0,0,Standard,Strategic,216,0.011,0.062,,,,-0.062,,0,0,0.588,0.588,31,32,31,33,1,0,5,1,5,1,1.73,1.11,-1.11,39.6,,,,,
FF,2026-04-12,88,-2.49,4.97,"Benge, Carson",701807,605130,,foul,,,,,3,Foul,R,L,R,NYM,ATH,S,,,2,1,2026,-0.07,0.98,0.4698185537654763,3.377293630306701,,,,0,8,Bot,,,,,,,7.333438843416922,-128.05310959685107,0.33335295609588544,-2.2801510687341318,25.502520316070825,-21.666822395588103,3.259498032,1.644980315,121,75.4,9,89.3,2111,7,823642,669127,701762,643446,691777,687231,691016,672016,671732,53.51,,,,,,,,56,4,4-Seam Fastball,0,1,0,1,1,0,0,1,Standard,Standard,204,-0.019,-0.073,60.0,5.1,,0.073,88.0,-1,-1,0.318,0.318,33,23,34,23,1,2,2,1,3,2,1.96,0.07,-0.07,21.5,-4.9378165082493775,21.85928596957632,31.4470924627266,29.671777734242493,22.291692934687955
FS,2026-04-12,86.3,-2.46,5.79,"Lindor, Francisco",596019,665660,field_out,hit_into_play,,,,,13,"Francisco Lindor grounds out, second baseman Jeff McNeil to first baseman Nick Kurtz.",R,L,R,NYM,ATH,X,4,ground_ball,2,2,2026,-0.46,0.1,-0.8815975829158993,1.09899716414444,,,621438,2,8,Bot,141.67,163.34,,,,,4.6266964979939855,-125.5922287557022,-4.863918875685628,-5.824548605318112,25.3495614810288,-30.308887310854598,3.107668963,1.568356299,3,84.4,-19,85.7,885,5.9,823642,669127,701762,643446,691777,687231,691016,672016,671732,54.62,0.068,0.067,0,1,0,0,2,59,6,Split-Finger,0,1,0,1,1,0,0,1,Infield shade,Standard,248,-0.058,-0.216,64.3,7.8,0.089,0.216,88.0,-1,-1,0.223,0.223,27,32,27,33,1,3,2,1,2,1,2.96,0.46,-0.46,23.2,6.421115882236805,6.6603755434763245,35.458944857756265,44.936091682737825,25.573622469229477
CU,2026-04-12,77.2,-2.48,5.18,"Benge, Carson",701807,605130,,foul,,,,,14,Foul,R,L,R,NYM,ATH,S,,,2,2,2026,1.42,-0.73,1.1740893348280441,1.0895069246954323,,,,0,8,Bot,,,,,,,5.088111448379564,-112.20243532242509,-0.0402502837377825,10.821421143439643,23.16317485529703,-38.47483596054879,3.259498032,1.644980315,65,84.5,4,77.4,2386,6.8,823642,669127,701762,643446,691777,687231,691016,672016,671732,53.68,,,,,,,,56,5,Curveball,0,1,0,1,1,0,0,1,Standard,Standard,37,0,0,73.1,7.7,,0,88.0,-1,-1,0.299,0.299,33,23,34,23,1,2,2,1,3,2,4.6,-1.42,1.42,24.8,23.6162684549195,-31.83130240486616,41.77481202254254,25.838456838817354,57.56066667247068
FF,2026-04-12,94.4,1.67,6.12,"Bichette, Bo",666182,663687,strikeout,foul_tip,,,,,5,Bo Bichette strikes out on a foul tip.,R,R,L,NYM,ATH,S,2,,2,2,2026,0.81,1.79,-0.24897301545306583,2.554899470372879,,,,0,7,Bot,,,,,,,-6.775066926717559,-136.96642739475976,-7.341054796752949,11.7721118771783,35.38653837136289,-8.221488164747928,3.162081693,1.595816929,,,,94.1,2393,6.7,823642,669127,701762,643446,691777,687231,691016,672016,671732,53.84,,0,0,1,0,0,,50,5,4-Seam Fastball,0,1,0,1,1,0,0,1,Standard,Standard,156,-0.041,-0.232,66.4,6.0,,0.232,,-1,-1,0.357,0.357,29,28,30,28,1,2,3,1,2,1,0.82,0.81,-0.81,64.0,-12.368455705214968,23.183581149431063,49.008666500581775,30.101392869191287,8.13061362307522
FC,2026-04-12,87.1,-0.98,6.23,"Polanco, Jorge",593871,650644,,called_strike,,,,,2,Called Strike,R,L,R,NYM,ATH,S,,,2,0,2026,0.65,0.83,-0.17181629203812765,2.799632072707461,,,596019,0,1,Bot,,,,,,,0.5462843419546917,-127.05774199621042,-3.674254888377191,7.0426062725742,22.29631167108472,-22.607508642342246,3.191043307,1.610433071,,,,86.8,2725,5.7,823642,669127,701762,643446,691777,687231,691016,672016,671732,54.83,,,,,,,,6,3,Cutter,0,0,0,0,0,0,0,0,Standard,Strategic,170,-0.011,-0.066,,,,0.066,,0,0,0.599,0.599,31,32,31,33,1,0,5,1,5,1,2.12,-0.65,0.65,39.1,,,,,
CU,2026-04-12,77.8,-0.93,6.49,"Polanco, Jorge",593871,650644,,swinging_strike,,,,,4,Swinging Strike,R,L,R,NYM,ATH,S,,,2,1,2026,0.92,-1.13,-0.3440053813844751,2.5844726442542028,,,596019,0,1,Bot,,,,,,,-0.4705970909212197,-113.25724054753121,0.8734581542275595,7.947767795757805,21.835198119801372,-42.26338748872964,3.191043307,1.610433071,,,,76.6,2906,5.5,823642,669127,701762,643446,691777,687231,691016,672016,671732,54.97,,,,,,,,6,4,Curveball,0,0,0,0,0,0,0,0,Infield shade,Strategic,30,-0.01,-0.078,65.0,8.2,,0.078,,0,0,0.588,0.588,31,32,31,33,1,0,5,1,5,1,4.91,-0.92,0.92,46.0,20.74573507537993,-36.127844540778476,22.303230680149536,41.881501392153474,44.16251317715164
SL,2026-04-12,83.4,1.91,6.03,"Baty, Brett",683146,663687,,ball,,,,,12,Ball,R,L,L,NYM,ATH,B,,,0,0,2026,-0.29,1.19,0.849162353579096,3.3756447690493294,,,,1,7,Bot,,,,,,,-1.819069501742393,-121.47689071800562,-1.8503176896304674,-2.5398069283228524,24.14641792384139,-20.242778642240314,3.327952756,1.679527559,,,,83.8,2132,6.6,823642,669127,701762,643446,691777,687231,691016,672016,671732,53.95,,,,,,,,51,1,Slider,0,1,0,1,1,0,0,1,Standard,Standard,239,0.005,0.039,,,,-0.039,,-1,-1,0.316,0.316,29,26,30,27,1,2,3,1,2,2,2.08,-0.29,-0.29,51.3,,,,,
CU,2026-04-12,77.3,-2.57,5.21,"Benge, Carson",701807,605130,field_out,hit_into_play,,,,,5,Carson Benge flies out to left fielder Tyler Soderstrom.,R,L,R,NYM,ATH,X,7,fly_ball,2,2,2026,1.43,-0.63,0.20751688002439228,2.1911657885697995,,,,0,8,Bot,105.29,95.31,,,,,3.20431911753101,-112.53416546056361,1.9485851096276112,11.503929342742794,21.583403311336113,-38.09789552728633,3.259498032,1.644980315,264,89,44,77.7,2597,6.6,823642,669127,701762,643446,691777,687231,691016,672016,671732,53.86,0.003,0.003,0,1,0,0,3,56,6,Curveball,0,1,0,1,1,0,0,1,Standard,Standard,77,-0.054,-0.232,70.2,6.4,0.003,0.232,89.0,-1,-1,0.299,0.299,33,23,34,23,1,2,2,1,3,2,4.46,-1.43,1.43,25.7,9.339541373345115,4.138743832328893,30.96920466947969,35.89774495823992,42.68891012938572
CU,2026-04-12,75.3,1.97,6.07,"Baty, Brett",683146,663687,,ball,,,,,13,Ball,R,L,L,NYM,ATH,B,,,1,0,2026,-0.74,-1.51,-0.059976561092596414,0.07764700524878254,,,,1,7,Bot,,,,,,,-2.814191276365987,-109.50610165421341,-2.1019013061103426,-5.224405391730402,23.978583162526245,-43.90957979831617,3.327952756,1.679527559,,,,74.6,2690,6.4,823642,669127,701762,643446,691777,687231,691016,672016,671732,54.13,,,,,,,,51,2,Curveball,0,1,0,1,1,0,0,1,Standard,Standard,342,0.011,0.071,,,,-0.071,,-1,-1,0.321,0.321,29,26,30,27,1,2,3,1,2,2,5.62,-0.74,-0.74,58.2,,,,,
CU,2026-04-12,75.6,-0.89,6.45,"Polanco, Jorge",593871,650644,,ball,,,,,13,Ball,R,L,R,NYM,ATH,B,,,2,2,2026,1.18,-1.19,-0.03244200502066885,1.004963893227143,,,596019,0,1,Bot,,,,,,,-0.3769785974186211,-110.0047227952464,-1.6667208431835085,9.540989814793992,23.295149091542562,-41.61237587731686,3.191043307,1.610433071,,,,74.1,3017,5.6,823642,669127,701762,643446,691777,687231,691016,672016,671732,54.91,,,,,,,,6,5,Curveball,0,0,0,0,0,0,0,0,Infield shade,Strategic,33,0.013,0.113,,,,-0.113,,0,0,0.578,0.578,31,32,31,33,1,0,5,1,5,1,5.24,-1.18,1.18,48.5,,,,,
ST,2026-04-12,79.6,-2.63,4.95,"Torrens, Luis",620443,605130,,swinging_strike,,,,,14,Swinging Strike,R,R,R,NYM,ATH,S,,,0,0,2026,1,0.74,0.9880762247821797,1.9386722627746265,,,,1,8,Bot,,,,,,,5.979584283978032,-115.76054684839143,-0.968665158791016,7.677075996077824,24.126856466012175,-25.64845066324114,3.178756562,1.604232283,,,,80.2,2479,7,823642,669127,701762,643446,691777,687231,691016,672016,671732,53.52,,,,,,,,57,1,Sweeper,0,1,0,1,1,0,0,1,Standard,Standard,96,-0.007,-0.039,65.5,8.4,,0.039,,-1,-1,0.245,0.245,33,30,34,30,1,2,2,3,3,7,2.9,-1,-1,18.9,23.384991160092937,-15.778279386550231,27.63061704224602,48.915600691000066,40.923075228710836
FF,2026-04-12,90.4,-0.94,6.28,"Polanco, Jorge",593871,650644,strikeout_double_play,swinging_strike,,,,,11,"Jorge Polanco strikes out swinging and Francisco Lindor caught stealing 2nd, catcher Shea Langeliers to shortstop Darell Hernaiz to catcher Shea Langeliers.",R,L,R,NYM,ATH,S,2,,3,2,2026,-0.68,1.56,-1.078217466269293,2.7351161185965447,,,596019,0,1,Bot,,,,,,,1.1327231106993063,-131.48498107189343,-5.937552070700078,-8.126454459807979,30.9876421103744,-13.027430159063341,3.191043307,1.610433071,,,,89,2334,5.7,823642,669127,701762,643446,691777,687231,691016,672016,671732,54.78,,0,0,1,0,0,,6,6,4-Seam Fastball,0,0,0,0,0,0,0,0,Infield shade,Strategic,209,-0.081,-0.315,66.3,7.2,,0.315,,0,0,0.591,0.591,31,32,31,33,1,0,5,1,5,1,1.25,0.68,-0.68,46.4,5.649134443369267,7.575956346930097,23.571870194599505,49.31028146253328,18.282901653878227
FF,2026-04-12,94.8,1.97,6.05,"Baty, Brett",683146,663687,,ball,,,,,14,Ball,R,L,L,NYM,ATH,B,,,2,0,2026,0.75,1.37,0.25389299053270453,1.343333581165132,,,,1,7,Bot,,,,,,,-6.162511319629688,-137.5956151462557,-9.460739050923165,10.914449218102629,33.228846729300095,-12.7813684949754,3.327952756,1.679527559,,,,94.9,2328,6.7,823642,669127,701762,643446,691777,687231,691016,672016,671732,53.8,,,,,,,,51,3,4-Seam Fastball,0,1,0,1,1,0,0,1,Standard,Standard,157,0.016,0.143,,,,-0.143,,-1,-1,0.332,0.332,29,26,30,27,1,2,3,1,2,2,1.2,0.75,0.75,59.6,,,,,
CU,2026-04-12,76.7,-2.48,5.28,"Torrens, Luis",620443,605130,,swinging_strike,,,,,14,Swinging Strike,R,R,R,NYM,ATH,S,,,0,1,2026,1.34,-0.53,0.2584462116846715,1.4767974176315493,,,,1,8,Bot,,,,,,,3.266620743744286,-111.53204954854009,0.3156221114691977,10.37339534619252,23.628118810561443,-36.872780667258084,3.178756562,1.604232283,,,,76.8,2564,6.8,823642,669127,701762,643446,691777,687231,691016,672016,671732,53.69,,,,,,,,57,2,Curveball,0,1,0,1,1,0,0,1,Standard,Standard,75,-0.012,-0.052,75.6,7.9,,0.052,,-1,-1,0.238,0.238,33,30,34,30,1,2,2,3,3,7,4.47,-1.34,-1.34,26.0,19.64527658828449,-11.53280657296996,34.569970476465976,39.71479866779731,38.801745388848076
CU,2026-04-12,76.6,-0.75,6.49,"Young, Jared",676724,650644,,called_strike,,,,,1,Called Strike,R,L,R,NYM,ATH,S,,,0,0,2026,1.2,-1.26,-0.40132931038273867,3.2514985459984986,,,,2,1,Bot,,,,,,,-1.4553404089358473,-111.4390937282802,2.758181834270097,10.217396261074176,23.029808382583862,-43.38333820407349,3.280561024,1.655610236,,,,75,2949,5.5,823642,669127,701762,643446,691777,687231,691016,672016,671732,55.02,,,,,,,,7,1,Curveball,0,0,0,0,0,0,0,0,Infield shade,Strategic,27,-0.002,-0.043,,,,0.043,,0,0,0.51,0.51,31,30,31,31,1,0,5,2,5,,5.2,-1.2,1.2,45.4,,,,,
CU,2026-04-12,77,-2.27,5.3,"Torrens, Luis",620443,605130,,ball,,,,,14,Ball,R,R,R,NYM,ATH,B,,,0,2,2026,1.53,-0.6,1.8969470196705351,0.9024685792077944,,,,1,8,Bot,,,,,,,5.942708041711768,-111.83105800133148,-0.7767851453179085,11.21520414963554,25.406477650126725,-37.21078466158785,3.178756562,1.604232283,,,,76.9,2592,6.9,823642,669127,701762,643446,691777,687231,691016,672016,671732,53.57,,,,,,,,57,3,Curveball,0,1,0,1,1,0,0,1,Standard,Standard,61,0.005,0.017,,,,-0.017,,-1,-1,0.226,0.226,33,30,34,30,1,2,2,3,3,7,4.54,-1.53,-1.53,28.6,,,,,
FF,2026-04-12,94.8,1.95,6.06,"Baty, Brett",683146,663687,,called_strike,,,,,9,Called Strike,R,L,L,NYM,ATH,S,,,3,0,2026,0.79,1.44,0.4009950090131269,2.0904043277006354,,,,1,7,Bot,,,,,,,-5.8089712500100115,-137.75859641939186,-7.7042370412184,11.44293623403096,34.107654246370615,-12.296238295539892,3.327952756,1.679527559,,,,94.6,2379,6.5,823642,669127,701762,643446,691777,687231,691016,672016,671732,53.98,,,,,,,,51,4,4-Seam Fastball,0,1,0,1,1,0,0,1,Infield shade,Standard,152,-0.01,-0.088,,,,0.088,,-1,-1,0.348,0.348,29,26,30,27,1,2,3,1,2,2,1.13,0.79,0.79,54.0,,,,,
FC,2026-04-12,88.4,-0.8,6.26,"Young, Jared",676724,650644,,ball,,,,,12,Ball,R,L,R,NYM,ATH,B,,,0,1,2026,0.65,1.06,1.3929398354630012,3.0245529775360964,,,,2,1,Bot,,,,,,,3.8704105299039475,-128.74686449814328,-3.8527580646684045,6.478798559287673,25.383854542200734,-19.726316080969053,3.280561024,1.655610236,,,,87.7,2735,5.7,823642,669127,701762,643446,691777,687231,691016,672016,671732,54.8,,,,,,,,7,2,Cutter,0,0,0,0,0,0,0,0,Infield shade,Strategic,172,0.001,0.027,,,,-0.027,,0,0,0.508,0.508,31,30,31,31,1,0,5,2,5,,1.84,-0.65,0.65,41.3,,,,,
FF,2026-04-12,88.3,-2.21,5.16,"Torrens, Luis",620443,605130,field_out,hit_into_play,,,,,5,Luis Torrens lines out to right fielder Lawrence Butler.,R,R,R,NYM,ATH,X,9,line_drive,1,2,2026,-0.17,1.18,-0.079944278334802,2.5259954689488513,,,,1,8,Bot,202.84,116,,,,,5.541117985154313,-128.50297460813985,-2.6067078995051327,-3.147728999862272,28.817028132409284,-18.85867989160091,3.178756562,1.604232283,281,95,19,89,2156,6.9,823642,669127,701762,643446,691777,687231,691016,672016,671732,53.59,0.354,0.401,0,1,0,0,4,57,4,4-Seam Fastball,0,1,0,1,1,0,0,1,Standard,Standard,222,-0.034,-0.18,66.5,6.7,0.588,0.18,95.0,-1,-1,0.231,0.231,33,30,34,30,1,2,2,3,3,7,1.77,0.17,0.17,23.6,-2.337524303384193,18.759689050111312,34.14415614103412,41.865846500036334,11.445894167785099
FF,2026-04-12,95.2,2.02,5.99,"Baty, Brett",683146,663687,,foul,,,,,5,Foul,R,L,L,NYM,ATH,S,,,3,1,2026,0.98,1.4,0.15761168944800885,2.3451068828697004,,,,1,7,Bot,,,,,,,-7.0935778920496935,-138.30688811892676,-6.9042672028548076,14.223743947327085,32.50115273783187,-12.799975682428142,3.327952756,1.679527559,,,,95.5,2323,6.7,823642,669127,701762,643446,691777,687231,691016,672016,671732,53.84,,,,,,,,51,5,4-Seam Fastball,0,1,0,1,1,0,0,1,Infield shade,Standard,152,-0.014,-0.087,75.8,7.2,,0.087,,-1,-1,0.338,0.338,29,26,30,27,1,2,3,1,2,2,1.13,0.98,0.98,53.4,7.012636590608719,13.92372104744498,37.26112857253874,34.80864534536735,22.66834260651541
FF,2026-04-12,96,1.89,6.1,"Baty, Brett",683146,663687,strikeout,called_strike,,,,,1,"Shea Langeliers challenged (pitch result), call on the field was overturned: Brett Baty called out on strikes.",R,L,L,NYM,ATH,S,2,,3,2,2026,0.76,1.59,-0.6515629414301783,3.4317601654210406,,,,1,7,Bot,,,,,,,-8.412351170361624,-139.58265598249622,-4.947436740398992,11.834622696554115,31.521783663468558,-10.471599731061035,3.327952756,1.679527559,,,,96.2,2409,6.5,823642,669127,701762,643446,691777,687231,691016,672016,671732,54.02,,0,0,1,0,0,,51,6,4-Seam Fastball,0,1,0,1,1,0,0,1,Infield shade,Standard,149,-0.045,-0.332,,,,0.332,,-1,-1,0.324,0.324,29,26,30,27,1,2,3,1,2,2,0.89,0.76,0.76,55.8,,,,,
FS,2026-04-12,86.3,-1,6.07,"Young, Jared",676724,650644,single,hit_into_play,,,,,7,Jared Young singles on a ground ball to right fielder Lawrence Butler.,R,L,R,NYM,ATH,X,9,ground_ball,1,1,2026,-1.33,0.52,-0.37990918054078293,1.6079325970607945,,,,2,1,Bot,169.04,111.14,,,,,4.156494160849646,-125.59579585457476,-5.167923689145606,-14.945686031555857,25.161592044553725,-25.845321509787464,3.280561024,1.655610236,74,85.9,4,85.3,1810,5.6,823642,669127,701762,643446,691777,687231,691016,672016,671732,54.89,0.357,0.345,0.9,1,1,0,4,7,3,Split-Finger,0,0,0,0,0,0,0,0,Infield shade,Strategic,230,0.013,0.342,72.7,7.7,0.422,-0.342,88.0,0,0,0.509,0.509,31,30,31,31,1,0,5,2,5,,2.54,1.33,-1.33,36.3,10.016235582710953,-7.110634559045659,29.387886088274463,42.636376131508776,38.4398362681201
CU,2026-04-12,76.8,-2.47,5.35,"Taylor, Tyrone",621438,605130,,called_strike,,,,,6,Called Strike,R,R,R,NYM,ATH,S,,,0,0,2026,1.52,-0.83,0.5597546274139109,2.1299552519871634,,,,2,8,Bot,,,,,,,3.5530667264618003,-111.67062780494702,2.084661250880004,11.779318395551668,23.659017741421472,-39.73262776202916,3.231414042,1.630807087,,,,76.8,2490,6.8,823642,669127,701762,643446,691777,687231,691016,672016,671732,53.74,,,,,,,,58,1,Curveball,0,1,0,1,1,0,0,1,Standard,Standard,72,-0.005,-0.043,,,,0.043,,-1,-1,0.197,0.197,33,32,34,32,1,2,2,1,3,1,4.76,-1.52,-1.52,27.6,,,,,
ST,2026-04-12,78.8,-2.51,5.08,"Taylor, Tyrone",621438,605130,,ball,,,,,14,Ball,R,R,R,NYM,ATH,B,,,0,1,2026,1.29,0.38,0.43130211811013175,0.6492689728775694,,,,2,8,Bot,,,,,,,3.8913303274267306,-114.64385372418049,-3.2301469836105223,10.516887329824147,23.675861796622854,-28.40569249990605,3.231414042,1.630807087,,,,79.3,2409,6.9,823642,669127,701762,643446,691777,687231,691016,672016,671732,53.61,,,,,,,,58,2,Sweeper,0,1,0,1,1,0,0,1,Standard,Standard,83,0.003,0.027,,,,-0.027,,-1,-1,0.192,0.192,33,32,34,32,1,2,2,1,3,1,3.33,-1.29,-1.29,22.6,,,,,
FC,2026-04-12,88.2,-0.43,6.29,"Bichette, Bo",666182,650644,,called_strike,,,,,3,Called Strike,R,R,R,NYM,ATH,S,,,0,0,2026,0.55,1.07,0.5311280618181926,2.7435525885398113,,,676724,2,1,Bot,,,,,,,1.128386586916809,-128.45704099597233,-4.572993746013098,5.907212316298847,25.519597944169654,-19.590336347948508,3.162081693,1.595816929,,,,87.3,2732,5.6,823642,669127,701762,643446,691777,687231,691016,672016,671732,54.9,,,,,,,,8,1,Cutter,0,0,0,0,0,0,0,0,Standard,Standard,163,-0.003,-0.042,,,,0.042,,0,0,0.522,0.522,31,28,31,28,1,0,5,1,5,1,1.85,-0.55,-0.55,43.0,,,,,
FF,2026-04-12,91.5,-0.4,6.12,"Bichette, Bo",666182,650644,,ball,,,,,11,Ball,R,R,R,NYM,ATH,B,,,0,1,2026,-1.23,1.19,-1.5594072122059692,3.4649832201093593,,,676724,2,1,Bot,,,,,,,-0.18132191822768406,-133.25706757061633,-3.1765748420276902,-14.571566059225516,31.14548018010998,-17.570699357253613,3.162081693,1.595816929,,,,90.2,2234,5.6,823642,669127,701762,643446,691777,687231,691016,672016,671732,54.88,,,,,,,,8,2,4-Seam Fastball,0,0,0,0,0,0,0,0,Standard,Standard,192,0.002,0.027,,,,-0.027,,0,0,0.519,0.519,31,28,31,28,1,0,5,1,5,1,1.55,1.23,1.23,38.0,,,,,
SI,2026-04-12,89.2,-2.19,5.23,"Taylor, Tyrone",621438,605130,,ball,,,,,11,Ball,R,R,R,NYM,ATH,B,,,1,1,2026,-1.28,0.52,-1.652791118857571,2.6575398690011593,,,,2,8,Bot,,,,,,,4.092698982423082,-129.77312139174222,-1.1620005865526912,-15.288028873865379,30.142453597881307,-26.260411063109665,3.231414042,1.630807087,,,,89.6,2017,6.8,823642,669127,701762,643446,691777,687231,691016,672016,671732,53.72,,,,,,,,58,3,Sinker,0,1,0,1,1,0,0,1,Infield shade,Standard,215,0.006,0.053,,,,-0.053,,-1,-1,0.195,0.195,33,32,34,32,1,2,2,1,3,1,2.37,1.28,1.28,30.0,,,,,
ST,2026-04-12,79.2,-2.68,4.83,"Taylor, Tyrone",621438,605130,,ball,,,,,13,Ball,R,R,R,NYM,ATH,B,,,2,1,2026,1.64,0.83,-0.5734929500737262,1.399762724771239,,,,2,8,Bot,,,,,,,1.4373013477691619,-115.40549215118418,-2.0765037550289662,14.34669191240438,22.17156050217527,-24.56502740457182,3.231414042,1.630807087,,,,80.1,2383,6.9,823642,669127,701762,643446,691777,687231,691016,672016,671732,53.57,,,,,,,,58,4,Sweeper,0,1,0,1,1,0,0,1,Infield shade,Standard,97,0.01,0.117,,,,-0.117,,-1,-1,0.201,0.201,33,32,34,32,1,2,2,1,3,1,2.8,-1.64,-1.64,22.6,,,,,
CU,2026-04-12,77.8,-0.24,6.44,"Bichette, Bo",666182,650644,,called_strike,,,,,5,Called Strike,R,R,R,NYM,ATH,S,,,1,1,2026,1.17,-1.43,0.13942608200342166,2.299947108320092,,,676724,2,1,Bot,,,,,,,-1.349451747361202,-113.21021441724622,1.024750848722532,10.191428868823222,24.215221537269887,-44.76898898582303,3.162081693,1.595816929,,,,76.2,3041,5.5,823642,669127,701762,643446,691777,687231,691016,672016,671732,54.96,,,,,,,,8,3,Curveball,0,0,0,0,0,0,0,0,Standard,Standard,33,-0.006,-0.073,,,,0.073,,0,0,0.521,0.521,31,28,31,28,1,0,5,1,5,1,5.25,-1.17,-1.17,46.8,,,,,
SI,2026-04-12,89.1,-2.5,5.18,"Taylor, Tyrone",621438,605130,walk,ball,,,,,11,Tyrone Taylor walks.,R,R,R,NYM,ATH,B,,,3,1,2026,-0.96,0.84,-1.3339862889647853,2.8308106235779364,,,,2,8,Bot,,,,,,,4.919318764322265,-129.77382602144007,-1.4017705314636795,-11.819764534801143,25.90109388587144,-22.579793789931436,3.231414042,1.630807087,,,,90.3,1818,6.9,823642,669127,701762,643446,691777,687231,691016,672016,671732,53.65,,0.709062,0.7,1,0,0,,58,5,Sinker,0,1,0,1,1,0,0,1,Standard,Strategic,311,0.022,0.173,,,,-0.173,,-1,-1,0.211,0.211,33,32,34,32,1,2,2,1,3,1,2.02,0.96,0.96,24.1,,,,,
CU,2026-04-12,76.9,-0.06,6.42,"Bichette, Bo",666182,650644,,blocked_ball,,,,,14,Ball In Dirt,R,R,R,NYM,ATH,B,,,1,2,2026,1.24,-1.5,2.6005478488125275,-0.3800627020747731,,,676724,2,1,Bot,,,,,,,3.230042207246816,-111.81650763089398,-4.145905047403075,9.497565914545085,24.482849211717514,-43.861934970438575,3.162081693,1.595816929,,,,75.2,3086,5.6,823642,669127,701762,643446,691777,687231,691016,672016,671732,54.9,,,,,,,,8,4,Curveball,0,0,0,0,0,0,0,0,Standard,Standard,21,0.013,0.033,,,,-0.033,,0,0,0.515,0.515,31,28,31,28,1,0,5,1,5,1,5.42,-1.24,-1.24,51.3,,,,,
FC,2026-04-12,88.3,-0.33,6.32,"Bichette, Bo",666182,650644,strikeout,swinging_strike,,,,,12,Bo Bichette strikes out swinging.,R,R,R,NYM,ATH,S,2,,2,2,2026,0.83,1.15,0.07968269785466053,4.014951931218693,,676724,,2,1,Bot,,,,,,,-0.7665681594160417,-128.70918944753453,-1.822731605316162,9.461756216653631,25.02429149706863,-19.162461210190365,3.162081693,1.595816929,,,,87.8,2717,5.7,823642,669127,701762,643446,691777,687231,691016,672016,671732,54.79,,0,0,1,0,0,,8,5,Cutter,0,0,0,0,0,0,0,0,Standard,Standard,137,-0.028,-0.22,54.8,5.4,,0.22,,0,0,0.528,0.528,31,28,31,28,1,0,5,1,5,1,1.75,-0.83,-0.83,42.8,-7.652434221815927,31.397926684071766,28.423745680764444,32.38021702423237,8.126021223911362
FC,2026-04-12,86.2,-0.97,6.21,"Baty, Brett",683146,650644,field_out,hit_into_play,,,,,2,Brett Baty flies out to left fielder Tyler Soderstrom.,R,L,R,NYM,ATH,X,7,fly_ball,0,0,2026,0.73,0.93,0.20781268238559913,2.979261953090765,,,,0,2,Bot,72.93,123.17,,,,,1.2328434482926023,-125.66219406588225,-3.1961789375933383,7.5786839149390675,23.784963056526788,-21.85076296770956,3.327952756,1.679527559,232,76.8,45,85.6,2569,5.6,823642,669127,701762,643446,691777,687231,691016,672016,671732,54.85,0.086,0.083,0,1,0,0,3,14,1,Cutter,0,0,0,0,0,0,0,0,Standard,Standard,178,-0.023,-0.259,75.2,7.2,0.104,0.259,88.0,0,0,0.551,0.551,31,26,31,27,1,0,5,1,5,2,2.11,-0.73,0.73,41.6,4.836209589859796,6.868283060473184,34.996180897368234,34.441714216460426,24.434051412709895
FC,2026-04-12,86.7,-0.47,6.27,"Semien, Marcus",543760,650644,,ball,,,,,14,Ball,R,R,R,NYM,ATH,B,,,0,0,2026,0.82,0.88,1.3920385297452484,2.198989706657456,,,,1,2,Bot,,,,,,,2.6401833415861136,-126.27962890386934,-5.108780987281376,8.354102112416687,23.96127441754218,-21.935625409530534,3.212106299,1.621062992,,,,85.8,2659,5.5,823642,669127,701762,643446,691777,687231,691016,672016,671732,55.01,,,,,,,,15,1,Cutter,0,0,0,0,0,0,0,0,Standard,Strategic,161,0.003,0.039,,,,-0.039,,0,0,0.528,0.528,31,35,31,36,1,0,5,1,5,1,2.13,-0.82,-0.82,43.1,,,,,
FC,2026-04-12,87.1,-0.36,6.26,"Semien, Marcus",543760,650644,,swinging_strike,,,,,12,Swinging Strike,R,R,R,NYM,ATH,S,,,1,0,2026,0.87,0.97,1.1278925399184003,2.8963980563880263,,,,1,2,Bot,,,,,,,1.702162746785533,-126.88951975208398,-3.7551061895947413,9.109667452069637,23.6994760464631,-21.08972917051176,3.212106299,1.621062992,,,,86.5,2665,5.6,823642,669127,701762,643446,691777,687231,691016,672016,671732,54.88,,,,,,,,15,2,Cutter,0,0,0,0,0,0,0,0,Standard,Strategic,165,-0.004,-0.049,38.9,6.6,,0.049,,0,0,0.531,0.531,31,35,31,36,1,0,5,1,5,1,2,-0.87,-0.87,46.0,9.192029504884024,27.040766490299845,32.15845729074543,44.658830771824896,12.382271674525217
SL,2026-04-12,82.3,-0.49,6.21,"Semien, Marcus",543760,650644,,ball,,,,,14,Ball,R,R,R,NYM,ATH,B,,,1,1,2026,0.97,-0.49,0.7925570558481383,1.1061405831117077,,,,1,2,Bot,,,,,,,0.9616785686147943,-119.94967861891203,-3.865372059403554,9.211101384383202,21.45204514051959,-36.43173781597095,3.212106299,1.621062992,,,,81.8,2845,5.7,823642,669127,701762,643446,691777,687231,691016,672016,671732,54.82,,,,,,,,15,3,Slider,0,0,0,0,0,0,0,0,Standard,Strategic,85,0.004,0.055,,,,-0.055,,0,0,0.527,0.527,31,35,31,36,1,0,5,1,5,1,3.82,-0.97,-0.97,42.1,,,,,
FC,2026-04-12,88.6,-0.44,6.2,"Semien, Marcus",543760,650644,field_out,hit_into_play,,,,,6,Marcus Semien flies out to second baseman Jeff McNeil.,R,R,R,NYM,ATH,X,4,fly_ball,2,1,2026,0.59,1.1,0.30461320060914243,2.535063482140824,,,,1,2,Bot,147.76,135.47,,,,,0.5501096157616844,-129.1026677308714,-5.03999286003679,6.556011121741983,23.071917078046184,-19.072203347281715,3.212106299,1.621062992,197,91.5,60,88,2690,5.5,823642,669127,701762,643446,691777,687231,691016,672016,671732,54.98,0.023,0.024,0,1,0,0,3,15,4,Cutter,0,0,0,0,0,0,0,0,Standard,Strategic,177,-0.02,-0.298,68.7,7.8,0.036,0.298,91.5,0,0,0.531,0.531,31,35,31,36,1,0,5,1,5,1,1.77,-0.59,-0.59,40.1,19.58701758492545,-6.477460179252222,33.22436764272269,34.769511155762416,31.876050871590675
FC,2026-04-12,87.5,-0.96,6.17,"Benge, Carson",701807,650644,,ball,,,,,14,Ball,R,L,R,NYM,ATH,B,,,0,0,2026,0.71,0.96,1.2991620245422622,2.357708953812219,,,,2,2,Bot,,,,,,,3.870430704261592,-127.49990585621751,-4.8892959276151595,7.03222084988466,24.205047325113696,-20.856876233099758,3.259498032,1.644980315,,,,87,2707,5.8,823642,669127,701762,643446,691777,687231,691016,672016,671732,54.74,,,,,,,,16,1,Cutter,0,0,0,0,0,0,0,0,Standard,Standard,180,0.001,0.037,,,,-0.037,,0,0,0.511,0.511,31,23,31,23,1,0,5,1,5,2,1.99,-0.71,0.71,41.1,,,,,
CU,2026-04-12,76.5,-0.85,6.39,"Benge, Carson",701807,650644,,ball,,,,,13,Ball,R,L,R,NYM,ATH,B,,,1,0,2026,1.29,-1.47,-0.7989869149218447,1.386569172106542,,,,2,2,Bot,,,,,,,-2.226933109777441,-111.31104535130478,-0.5074679007287943,11.100977609908302,22.062334653232206,-44.4720937073821,3.259498032,1.644980315,,,,75.3,3081,5.6,823642,669127,701762,643446,691777,687231,691016,672016,671732,54.87,,,,,,,,16,2,Curveball,0,0,0,0,0,0,0,0,Standard,Standard,42,0.003,0.065,,,,-0.065,,0,0,0.512,0.512,31,23,31,23,1,0,5,1,5,2,5.4,-1.29,1.29,47.2,,,,,
FF,2026-04-12,91.3,-0.89,6.22,"Benge, Carson",701807,650644,,ball,,,,,11,Ball,R,L,R,NYM,ATH,B,,,2,0,2026,-0.55,1.68,-1.4965154933689544,3.6865269119796107,,,,2,2,Bot,,,,,,,-0.3074995375470626,-132.93731925279008,-3.8780756031720007,-6.362040166910956,32.03455107952104,-11.791385737919274,3.259498032,1.644980315,,,,89.9,2489,5.7,823642,669127,701762,643446,691777,687231,691016,672016,671732,54.8,,,,,,,,16,3,4-Seam Fastball,0,0,0,0,0,0,0,0,Standard,Standard,207,0.004,0.121,,,,-0.121,,0,0,0.515,0.515,31,23,31,23,1,0,5,1,5,2,1.08,0.55,-0.55,45.4,,,,,
FC,2026-04-12,87.9,-0.87,6.21,"Benge, Carson",701807,650644,,called_strike,,,,,5,Called Strike,R,L,R,NYM,ATH,S,,,3,0,2026,0.65,1.28,0.17987184654595262,2.3284070803656656,,,,2,2,Bot,,,,,,,1.1435951639459303,-127.95300386891468,-5.719298397261392,6.897739061444049,26.325430696835806,-17.18548322518382,3.259498032,1.644980315,,,,87.3,2649,5.9,823642,669127,701762,643446,691777,687231,691016,672016,671732,54.62,,,,,,,,16,4,Cutter,0,0,0,0,0,0,0,0,Standard,Standard,189,-0.003,-0.07,,,,0.07,,0,0,0.519,0.519,31,23,31,23,1,0,5,1,5,2,1.67,-0.65,0.65,47.8,,,,,
FC,2026-04-12,88.3,-0.84,6.23,"Benge, Carson",701807,650644,field_out,hit_into_play,,,,,8,"Carson Benge grounds out, first baseman Nick Kurtz to pitcher Aaron Civale.",R,L,R,NYM,ATH,X,3,ground_ball,3,1,2026,0.85,0.99,-0.09246134139841411,2.0652740871968294,,,,2,2,Bot,150.29,162.83,,,,,-0.005698939856382923,-128.6390856855721,-5.925873047882803,9.546041909496035,24.28572170621497,-20.198955121087096,3.259498032,1.644980315,29,100.4,-3,88,2751,5.9,823642,669127,701762,643446,691777,687231,691016,672016,671732,54.64,0.388,0.349,0,1,0,0,2,16,5,Cutter,0,0,0,0,0,0,0,0,Standard,Standard,177,-0.016,-0.414,76.7,7.3,0.425,0.414,100.4,0,0,0.516,0.516,31,23,31,23,1,0,5,1,5,2,1.91,-0.85,0.85,46.2,6.95414246693946,-2.8893316335854213,32.96438333278289,35.39853682293297,37.901371934586884
FC,2026-04-12,86.8,-0.41,6.28,"Torrens, Luis",620443,650644,,called_strike,,,,,3,Called Strike,R,R,R,NYM,ATH,S,,,0,0,2026,0.63,0.73,0.8285390869487227,3.0208317055054863,,,,0,3,Bot,,,,,,,1.609464776700958,-126.3995589752925,-2.883208743653899,6.363099278194312,26.671344123555272,-23.95600872357375,3.178756562,1.604232283,,,,85.5,2599,5.5,823642,669127,701762,643446,691777,687231,691016,672016,671732,55.02,,,,,,,,21,1,Cutter,0,1,0,1,1,0,0,1,Standard,Standard,168,-0.004,-0.039,,,,0.039,,-1,-1,0.437,0.437,31,30,31,30,1,0,5,3,5,7,2.3,-0.63,-0.63,42.0,,,,,
SL,2026-04-12,81.3,-0.44,6.26,"Torrens, Luis",620443,650644,,ball,,,,,12,Ball,R,R,R,NYM,ATH,B,,,0,1,2026,0.95,-0.59,1.108369998429223,2.4337566578912786,,,,0,3,Bot,,,,,,,1.5588487742551256,-118.34108873023064,-0.5832651304220831,8.598602066737065,23.657517608149817,-37.7648684381575,3.178756562,1.604232283,,,,80.2,2876,5.6,823642,669127,701762,643446,691777,687231,691016,672016,671732,54.91,,,,,,,,21,2,Slider,0,1,0,1,1,0,0,1,Standard,Standard,81,0.003,0.031,,,,-0.031,,-1,-1,0.433,0.433,31,30,31,30,1,0,5,3,5,7,4.05,-0.95,-0.95,44.2,,,,,
SL,2026-04-12,82.6,-0.39,6.2,"Torrens, Luis",620443,650644,field_out,hit_into_play,,,,,6,"Luis Torrens grounds out, shortstop Darell Hernaiz to first baseman Nick Kurtz.",R,R,R,NYM,ATH,X,6,ground_ball,1,1,2026,0.88,-0.44,0.32221557057108674,2.536753680991929,,,,0,3,Bot,114.31,163.84,,,,,-0.1277842007038303,-120.39379145746356,-0.8040295021060704,8.614426246093995,22.17747001000675,-36.56405435592904,3.178756562,1.604232283,118,103.9,7,81.9,2867,5.6,823642,669127,701762,643446,691777,687231,691016,672016,671732,54.88,0.646,0.597,0,1,0,0,4,21,3,Slider,0,1,0,1,1,0,0,1,Standard,Standard,80,-0.027,-0.251,75.1,7.5,0.716,0.251,103.9,-1,-1,0.436,0.436,31,30,31,30,1,0,5,3,5,7,3.76,-0.88,-0.88,45.9,10.652817380888964,-4.23830125557768,28.16692804942441,41.80768598646255,29.940297980502013
SI,2026-04-12,92,-0.47,6.05,"Taylor, Tyrone",621438,650644,,ball,,,,,14,Ball,R,R,R,NYM,ATH,B,,,0,0,2026,-1.29,0.86,0.9480703051628523,2.1929938509744185,,,,1,3,Bot,,,,,,,6.301120258991344,-133.75517062651107,-5.543538509389479,-16.81379052171643,28.63777582162109,-20.89246757605144,3.231414042,1.630807087,,,,90.9,2288,5.7,823642,669127,701762,643446,691777,687231,691016,672016,671732,54.83,,,,,,,,22,1,Sinker,0,1,0,1,1,0,0,1,Standard,Strategic,207,0.003,0.039,,,,-0.039,,-1,-1,0.409,0.409,31,32,31,32,1,0,5,1,5,1,1.84,1.29,1.29,35.6,,,,,
FC,2026-04-12,88.4,-0.34,6.27,"Taylor, Tyrone",621438,650644,,swinging_strike,,,,,12,Swinging Strike,R,R,R,NYM,ATH,S,,,1,0,2026,0.67,1.05,0.8291788474466864,2.9813900308511814,,,,1,3,Bot,,,,,,,1.373536645030203,-128.85549235765757,-4.0136961887556675,7.28585168326724,23.832402852959515,-19.810696324413186,3.231414042,1.630807087,,,,88,2623,5.7,823642,669127,701762,643446,691777,687231,691016,672016,671732,54.78,,,,,,,,22,2,Cutter,0,1,0,1,1,0,0,1,Standard,Strategic,164,-0.004,-0.049,67.5,6.7,,0.049,,-1,-1,0.412,0.412,31,32,31,32,1,0,5,1,5,1,1.83,-0.67,-0.67,42.4,-1.5299096009940738,20.49703971731269,27.675195260579027,47.02522628626296,13.013176133783531
CU,2026-04-12,78.2,-0.16,6.39,"Taylor, Tyrone",621438,650644,field_out,hit_into_play,,,,,9,Tyrone Taylor lines out to left fielder Tyler Soderstrom.,R,R,R,NYM,ATH,X,7,line_drive,1,1,2026,1.02,-1.36,0.4361680035687778,1.9225479234192902,,,,1,3,Bot,57.81,74.89,,,,,-0.6413610674765418,-113.83416225994031,0.0870434327836116,8.903123301621138,23.44607827941142,-44.118875567394724,3.231414042,1.630807087,349,99.2,21,76.8,3098,5.5,823642,669127,701762,643446,691777,687231,691016,672016,671732,54.96,0.326,0.409,0,1,0,0,5,22,3,Curveball,0,1,0,1,1,0,0,1,Standard,Strategic,50,-0.018,-0.244,71.9,7.8,0.65,0.244,99.2,-1,-1,0.408,0.408,31,32,31,32,1,0,5,1,5,1,5.12,-1.02,-1.02,46.7,12.839233726913442,-11.470905751975021,35.01330997826846,40.6989051483102,36.37122975451094
CU,2026-04-12,76.4,-0.74,6.38,"Lindor, Francisco",596019,650644,,ball,,,,,13,Ball,R,L,R,NYM,ATH,B,,,0,0,2026,1.29,-1.53,-0.9159125511602006,1.5647675031421509,,,,2,3,Bot,,,,,,,-2.6990124140961766,-111.12882728950564,0.09437431058103085,11.130259942686902,24.482054590585175,-44.91446459994254,3.107668963,1.568356299,,,,74.6,3147,5.5,823642,669127,701762,643446,691777,687231,691016,672016,671732,54.98,,,,,,,,23,1,Curveball,0,1,0,1,1,0,0,1,Standard,Strategic,45,0.001,0.037,,,,-0.037,,-1,-1,0.39,0.39,31,32,31,33,2,1,5,1,5,1,5.51,-1.29,1.29,47.1,,,,,
FF,2026-04-12,92.1,-0.88,6.17,"Lindor, Francisco",596019,650644,,ball,,,,,11,Ball,R,L,R,NYM,ATH,B,,,1,0,2026,-0.62,1.72,-0.7167793673726895,4.214188089032093,,,,2,3,Bot,,,,,,,1.7587208470619862,-134.04412338357358,-2.6697886603141656,-7.793289889792543,33.818100082842655,-11.213666504537112,3.107668963,1.568356299,,,,90.3,2477,5.6,823642,669127,701762,643446,691777,687231,691016,672016,671732,54.92,,,,,,,,23,2,4-Seam Fastball,0,1,0,1,1,0,0,1,Standard,Strategic,205,0.003,0.065,,,,-0.065,,-1,-1,0.391,0.391,31,32,31,33,2,1,5,1,5,1,1,0.62,-0.62,39.4,,,,,
FF,2026-04-12,91.9,-0.77,6.21,"Lindor, Francisco",596019,650644,field_out,hit_into_play,,,,,5,Francisco Lindor pops out to shortstop Darell Hernaiz.,R,L,R,NYM,ATH,X,6,popup,2,0,2026,-0.8,1.83,0.00007934901205131073,2.3688491500842574,,,,2,3,Bot,101.14,140.03,,,,,3.63996118506885,-133.39881201447244,-7.436387231365242,-10.341663254358552,36.190428383848904,-8.979842497378288,3.107668963,1.568356299,185,98,66,90,2430,5.8,823642,669127,701762,643446,691777,687231,691016,672016,671732,54.66,0.023,0.028,0,1,0,0,3,23,3,4-Seam Fastball,0,1,0,1,1,0,0,1,Standard,Strategic,207,-0.017,-0.362,79.6,8.1,0.037,0.362,98.0,-1,-1,0.394,0.394,31,32,31,33,2,1,5,1,5,1,0.94,0.8,-0.8,40.7,23.01998129926303,-9.561358698498802,37.54665690766382,34.968167193943245,36.56152996736222
SI,2026-04-12,90.5,-1.06,6.06,"Polanco, Jorge",593871,650644,,called_strike,,,,,4,Called Strike,R,L,R,NYM,ATH,S,,,0,0,2026,-0.99,1.07,-0.3670972452326865,2.468833452603766,,,,0,4,Bot,,,,,,,3.790626074110587,-131.84501932466742,-5.150365537928516,-12.33269181332425,24.837382615519978,-18.770592552877446,3.191043307,1.610433071,,,,90,2317,5.7,823642,669127,701762,643446,691777,687231,691016,672016,671732,54.83,,,,,,,,29,1,Sinker,0,1,0,1,1,0,0,1,Infield shade,Standard,212,-0.005,-0.039,,,,0.039,,-1,-1,0.428,0.428,31,32,31,33,2,1,5,1,5,1,1.68,0.99,-0.99,41.2,,,,,
FS,2026-04-12,83.9,-1.01,6.04,"Polanco, Jorge",593871,650644,,ball,,,,,13,Ball,R,L,R,NYM,ATH,B,,,0,1,2026,-1.19,0.25,-0.020022742175782593,-0.34225076333810645,,,,0,4,Bot,,,,,,,4.56176861556708,-122.0254852532069,-8.498919374574356,-12.753737042180564,22.17499013240363,-28.252764512307014,3.191043307,1.610433071,,,,83,1686,5.5,823642,669127,701762,643446,691777,687231,691016,672016,671732,54.96,,,,,,,,29,2,Split-Finger,0,1,0,1,1,0,0,1,Infield shade,Standard,227,0.003,0.031,,,,-0.031,,-1,-1,0.423,0.423,31,32,31,33,2,1,5,1,5,1,2.97,1.19,-1.19,39.7,,,,,
FF,2026-04-12,90.6,-0.85,6.17,"Polanco, Jorge",593871,650644,,foul,,,,,4,Foul,R,L,R,NYM,ATH,S,,,1,1,2026,-0.55,1.73,-0.6956867487868147,2.549028291517101,,,,0,4,Bot,,,,,,,1.5591723006901335,-131.78390777635522,-6.539749107876489,-6.75260047937027,30.320495681129508,-10.872230371054421,3.191043307,1.610433071,172,74.1,61,89.3,2335,5.7,823642,669127,701762,643446,691777,687231,691016,672016,671732,54.77,,,,,,,,29,3,4-Seam Fastball,0,1,0,1,1,0,0,1,Infield shade,Standard,203,-0.007,-0.061,66.2,7.3,,0.061,88.0,-1,-1,0.426,0.426,31,32,31,33,2,1,5,1,5,1,1.07,0.55,-0.55,39.5,-0.7781715453748923,0.6088731267095884,28.54060438223051,44.64289866707371,20.855652170498484
FC,2026-04-12,86.6,-0.93,6.17,"Polanco, Jorge",593871,650644,,ball,,,,,11,Ball,R,L,R,NYM,ATH,B,,,1,2,2026,0.72,0.86,-1.5066665810420001,2.7886390653834994,,,,0,4,Bot,,,,,,,-2.806970518072876,-126.10254538763357,-3.4382639775302644,8.2370643928985,24.635626022403446,-22.50326027324058,3.191043307,1.610433071,,,,85.8,2804,5.6,823642,669127,701762,643446,691777,687231,691016,672016,671732,54.88,,,,,,,,29,4,Cutter,0,1,0,1,1,0,0,1,Infield shade,Standard,160,0.004,0.043,,,,-0.043,,-1,-1,0.419,0.419,31,32,31,33,2,1,5,1,5,1,2.17,-0.72,0.72,41.6,,,,,
CU,2026-04-12,77.4,-0.76,6.35,"Polanco, Jorge",593871,650644,strikeout,swinging_strike,,,,,14,Jorge Polanco strikes out swinging.,R,L,R,NYM,ATH,S,2,,2,2,2026,1.39,-1.52,0.25700399922550343,0.6517819174703225,,,,0,4,Bot,,,,,,,-0.44597238548921425,-112.54569802562628,-1.9219326049597392,11.721903483028319,25.282586943620327,-44.68503652642674,3.191043307,1.610433071,,,,75.7,3124,5.7,823642,669127,701762,643446,691777,687231,691016,672016,671732,54.83,,0,0,1,0,0,,29,5,Curveball,0,1,0,1,1,0,0,1,Infield shade,Standard,42,-0.025,-0.232,70.6,8.0,,0.232,,-1,-1,0.423,0.423,31,32,31,33,2,1,5,1,5,1,5.41,-1.39,1.39,46.6,17.99488805859774,-26.265356897330644,37.254409911515495,34.929842450699184,46.94402391681085
FC,2026-04-12,86.6,-0.9,6.21,"Young, Jared",676724,650644,,ball,,,,,1,Ball,R,L,R,NYM,ATH,B,,,0,0,2026,0.67,0.69,-0.8237443751663795,3.0166629443402826,,,,1,4,Bot,,,,,,,-1.2055881664082444,-126.21024223878497,-2.7137092468943056,7.456887606698163,23.261006074016787,-24.401376609283364,3.280561024,1.655610236,,,,86.3,2654,5.8,823642,669127,701762,643446,691777,687231,691016,672016,671732,54.68,,,,,,,,30,1,Cutter,0,1,0,1,1,0,0,1,Infield shade,Standard,156,0.003,0.039,,,,-0.039,,-1,-1,0.398,0.398,31,30,31,31,2,1,5,2,5,,2.31,-0.67,0.67,40.3,,,,,
CU,2026-04-12,77.4,-0.65,6.43,"Young, Jared",676724,650644,,ball,,,,,14,Ball,R,L,R,NYM,ATH,B,,,1,0,2026,1.28,-1.27,1.0130802434871087,1.8187632036218373,,,,1,4,Bot,,,,,,,1.1107701187337227,-112.66744171701218,-0.17809422851499446,10.505259493389968,24.222668684605985,-43.01675688506909,3.280561024,1.655610236,,,,76,3063,5.7,823642,669127,701762,643446,691777,687231,691016,672016,671732,54.83,,,,,,,,30,2,Curveball,0,1,0,1,1,0,0,1,Infield shade,Standard,43,0.007,0.071,,,,-0.071,,-1,-1,0.401,0.401,31,30,31,31,2,1,5,2,5,,5.13,-1.28,1.28,46.7,,,,,
SI,2026-04-12,92.1,-0.89,6.06,"Young, Jared",676724,650644,,foul,,,,,7,Foul,R,L,R,NYM,ATH,S,,,2,0,2026,-1.44,0.97,-0.4103802560484767,1.6915040766988494,,,,1,4,Bot,,,,,,,4.349840448258709,-133.81443300729484,-6.975802029011538,-18.203465672184187,33.71989739847177,-19.153930831376627,3.280561024,1.655610236,202,76.3,47,90.7,2314,5.9,823642,669127,701762,643446,691777,687231,691016,672016,671732,54.61,,,,,,,,30,3,Sinker,0,1,0,1,1,0,0,1,Infield shade,Standard,207,-0.007,-0.066,75.9,7.2,,0.066,88.0,-1,-1,0.408,0.408,31,30,31,31,2,1,5,2,5,,1.76,1.44,-1.44,39.9,-2.717162090049699,9.01873973792891,33.933382055459354,43.332217630615446,19.486221864108025
FC,2026-04-12,86.7,-0.82,6.17,"Young, Jared",676724,650644,field_out,hit_into_play,,,,,8,"Jared Young grounds out, second baseman Jeff McNeil to first baseman Nick Kurtz.",R,L,R,NYM,ATH,X,4,ground_ball,2,1,2026,0.73,0.65,-0.04869032584150945,1.9595572426189958,,,,1,4,Bot,141.46,162.88,,,,,0.28657517892311624,-126.28844561348603,-4.9743789068612205,7.812975241504594,24.773327026118814,-24.44570367177341,3.280561024,1.655610236,35,107.9,-2,86.2,2596,5.8,823642,669127,701762,643446,691777,687231,691016,672016,671732,54.66,0.466,0.432,0,1,0,0,4,30,4,Cutter,0,1,0,1,1,0,0,1,Infield shade,Standard,155,-0.025,-0.298,77.4,7.5,0.508,0.298,107.9,-1,-1,0.401,0.401,31,30,31,31,2,1,5,2,5,,2.37,-0.73,0.73,46.4,6.904646738706663,-1.6983299579226983,28.445443125595244,39.16913377414773,32.16404414686987
FF,2026-04-12,91.8,-0.36,6.26,"Bichette, Bo",666182,650644,,called_strike,,,,,6,Called Strike,R,R,R,NYM,ATH,S,,,0,0,2026,-0.78,1.69,0.7275205307208044,2.3319103367474288,,,,2,4,Bot,,,,,,,4.363637365090383,-133.3282239018505,-7.4051501172734655,-10.222947236083758,31.69803803963525,-10.641163583813434,3.162081693,1.595816929,,,,90.4,2380,5.8,823642,669127,701762,643446,691777,687231,691016,672016,671732,54.74,,,,,,,,31,1,4-Seam Fastball,0,1,0,1,1,0,0,1,Standard,Standard,209,-0.002,-0.043,,,,0.043,,-1,-1,0.376,0.376,31,28,31,28,2,1,5,1,5,1,1.05,0.78,0.78,39.9,,,,,
FC,2026-04-12,86.9,-0.35,6.22,"Bichette, Bo",666182,650644,,ball,,,,,12,Ball,R,R,R,NYM,ATH,B,,,0,1,2026,0.78,0.46,1.8310258604477279,2.593217009034786,,,,2,4,Bot,,,,,,,3.4861644017875983,-126.64155479514613,-3.270881527780329,7.773536226212119,24.242559385359097,-26.778232191701484,3.162081693,1.595816929,,,,86.2,2766,5.6,823642,669127,701762,643446,691777,687231,691016,672016,671732,54.87,,,,,,,,31,2,Cutter,0,1,0,1,1,0,0,1,Standard,Standard,144,0.001,0.027,,,,-0.027,,-1,-1,0.374,0.374,31,28,31,28,2,1,5,1,5,1,2.53,-0.78,-0.78,47.2,,,,,
CU,2026-04-12,77.3,-0.26,6.41,"Bichette, Bo",666182,650644,,swinging_strike,,,,,14,Swinging Strike,R,R,R,NYM,ATH,S,,,1,1,2026,1.53,-1.66,0.13194153977209733,1.2665147457094816,,,,2,4,Bot,,,,,,,-1.987485651091482,-112.33300014579646,-0.3848228517035339,13.057729991067331,27.458370089485616,-46.07226326889181,3.162081693,1.595816929,,,,75.2,3204,5.6,823642,669127,701762,643446,691777,687231,691016,672016,671732,54.9,,,,,,,,31,3,Curveball,0,1,0,1,1,0,0,1,Standard,Standard,36,-0.003,-0.062,72.1,8.5,,0.062,,-1,-1,0.375,0.375,31,28,31,28,2,1,5,1,5,1,5.6,-1.53,-1.53,46.0,26.700840895217066,-31.11395600752417,40.44997022998995,33.54923969637092,49.98346367987078
FC,2026-04-12,88.2,-0.43,6.21,"Bichette, Bo",666182,650644,field_out,hit_into_play,,,,,12,Bo Bichette grounds out to first baseman Nick Kurtz.,R,R,R,NYM,ATH,X,3,ground_ball,1,2,2026,0.73,0.76,1.2414019416967643,3.4271784401666103,,,,2,4,Bot,147.25,171.95,,,,,2.435674001229647,-128.4469613836776,-2.1224834737595053,7.611976955610234,25.760634797174745,-23.469503642495017,3.162081693,1.595816929,36,91,-3,87.4,2750,5.7,823642,669127,701762,643446,691777,687231,691016,672016,671732,54.81,0.254,0.234,0,1,0,0,2,31,4,Cutter,0,1,0,1,1,0,0,1,Standard,Standard,149,-0.01,-0.182,67.0,7.0,0.285,0.182,91.0,-1,-1,0.372,0.372,31,28,31,28,2,1,5,1,5,1,2.15,-0.73,-0.73,39.7,-3.117839868075988,21.170195482854123,20.58536513893344,47.96297177292896,7.986836389362489
SI,2026-04-12,91,-0.98,6.02,"Baty, Brett",683146,650644,,ball,,,,,1,Ball,R,L,R,NYM,ATH,B,,,0,0,2026,-1.02,1.2,-0.8155897636375807,3.1245493347610074,,,,0,5,Bot,,,,,,,2.589534999533018,-132.5213628955531,-3.781575309867991,-12.574273400222935,26.02870305729856,-17.454820558427095,3.327952756,1.679527559,,,,90.4,2339,5.7,823642,669127,701762,643446,691777,687231,691016,672016,671732,54.83,,,,,,,,36,1,Sinker,0,1,0,1,1,0,0,1,Standard,Standard,206,0.006,0.041,,,,-0.041,,-1,-1,0.415,0.415,31,26,31,27,2,1,5,1,5,2,1.54,1.02,-1.02,34.9,,,,,
FS,2026-04-12,85,-1,6.12,"Baty, Brett",683146,650644,,ball,,,,,11,Ball,R,L,R,NYM,ATH,B,,,1,0,2026,-1.04,0.32,-0.8902608992460663,2.673612325009248,,,,0,5,Bot,,,,,,,2.3294989498538143,-123.76889809478904,-2.144857260238638,-11.108912413726399,26.427250460160582,-28.700711394454586,3.327952756,1.679527559,,,,83.8,1694,5.6,823642,669127,701762,643446,691777,687231,691016,672016,671732,54.9,,,,,,,,36,2,Split-Finger,0,1,0,1,1,0,0,1,Standard,Standard,228,0.011,0.077,,,,-0.077,,-1,-1,0.421,0.421,31,26,31,27,2,1,5,1,5,2,2.85,1.04,-1.04,38.1,,,,,
FC,2026-04-12,87.4,-0.9,6.19,"Baty, Brett",683146,650644,,called_strike,,,,,5,Called Strike,R,L,R,NYM,ATH,S,,,2,0,2026,0.57,1.19,-0.1990639077977594,2.374111808579885,,,,0,5,Bot,,,,,,,0.4814609725366376,-127.30002291675316,-5.327801707191799,6.118628781971192,23.947388695365465,-18.388906636760144,3.327952756,1.679527559,,,,87,2764,5.8,823642,669127,701762,643446,691777,687231,691016,672016,671732,54.72,,,,,,,,36,3,Cutter,0,1,0,1,1,0,0,1,Standard,Standard,176,-0.011,-0.072,,,,0.072,,-1,-1,0.432,0.432,31,26,31,27,2,1,5,1,5,2,1.77,-0.57,0.57,39.1,,,,,
FC,2026-04-12,88.1,-0.88,6.16,"Baty, Brett",683146,650644,,foul,,,,,12,Foul,R,L,R,NYM,ATH,S,,,2,1,2026,0.58,1.24,0.9546501795981202,2.544080921449596,,,,0,5,Bot,,,,,,,3.1569463084208564,-128.28871654390315,-5.117053319956324,5.836629913789128,23.88488424425908,-17.580427353545723,3.327952756,1.679527559,37,85,-2,87.7,2761,5.8,823642,669127,701762,643446,691777,687231,691016,672016,671732,54.72,,,,,,,,36,4,Cutter,0,1,0,1,1,0,0,1,Standard,Standard,173,-0.011,-0.073,76.1,8.2,,0.073,88.0,-1,-1,0.421,0.421,31,26,31,27,2,1,5,1,5,2,1.67,-0.58,0.58,40.6,21.78106444196669,-21.306522358825394,40.96858614552881,25.80088528516711,43.242098189275396
CU,2026-04-12,77.5,-0.67,6.41,"Baty, Brett",683146,650644,field_out,hit_into_play,,,,,5,Brett Baty flies out to left fielder Tyler Soderstrom.,R,L,R,NYM,ATH,X,7,fly_ball,2,2,2026,1.17,-1.31,-0.14808645967053935,2.417195303380476,,,,0,5,Bot,67.96,102.94,,,,,-1.0512135248826064,-112.71546519233392,1.1464593113513213,10.055919859526291,23.079448672839916,-43.67904680904744,3.327952756,1.679527559,279,92,42,76.4,2967,5.8,823642,669127,701762,643446,691777,687231,691016,672016,671732,54.69,0.006,0.005,0,1,0,0,3,36,5,Curveball,0,1,0,1,1,0,0,1,Infield shade,Standard,41,-0.028,-0.232,72.0,7.7,0.008,0.232,92.0,-1,-1,0.41,0.41,31,26,31,27,2,1,5,1,5,2,5.14,-1.17,1.17,48.8,9.927448082866071,-3.4548493496430726,37.044775571163576,38.93172423782741,33.194961115604926
CU,2026-04-12,76.6,-0.26,6.45,"Semien, Marcus",543760,650644,,swinging_strike,,,,,9,Swinging Strike,R,R,R,NYM,ATH,S,,,0,0,2026,0.98,-1.34,0.6538144091066067,1.9452288120708126,,,,1,5,Bot,,,,,,,0.09545667761288934,-111.54504382412227,0.23481474813073078,8.144118399462416,21.982780734759345,-43.54110206118195,3.212106299,1.621062992,,,,75.3,2945,5.5,823642,669127,701762,643446,691777,687231,691016,672016,671732,55.01,,,,,,,,37,1,Curveball,0,1,0,1,1,0,0,1,Standard,Strategic,39,-0.004,-0.039,65.2,8.4,,0.039,,-1,-1,0.382,0.382,31,35,31,36,2,1,5,1,5,1,5.25,-0.98,-0.98,47.5,27.205782060968946,-24.005938124134712,33.80805820289267,37.815704331508215,44.92671673559598
CU,2026-04-12,76.5,-0.2,6.39,"Semien, Marcus",543760,650644,field_out,hit_into_play,,,,,8,Marcus Semien lines out to left fielder Tyler Soderstrom.,R,R,R,NYM,ATH,X,7,line_drive,0,1,2026,1.12,-1.3,0.2405535965080341,1.7876495957578618,,,,1,5,Bot,59.36,110.52,,,,,-1.123933726062519,-111.39934536203495,-0.018365509495313015,9.520186927797344,21.999336564102407,-43.153467950026254,3.212106299,1.621062992,274,97.1,19,75.2,2999,5.5,823642,669127,701762,643446,691777,687231,691016,672016,671732,54.96,0.351,0.397,0,1,0,0,4,37,2,Curveball,0,1,0,1,1,0,0,1,Standard,Strategic,34,-0.021,-0.215,68.0,7.9,0.597,0.215,97.1,-1,-1,0.378,0.378,31,35,31,36,2,1,5,1,5,1,5.22,-1.12,-1.12,47.2,18.576355702692457,-11.517689405018366,37.776137325434405,33.07226652432126,35.609052091443104
FF,2026-04-12,91,-0.89,6.15,"Benge, Carson",701807,650644,,foul,,,,,4,Foul,R,L,R,NYM,ATH,S,,,0,0,2026,-0.36,1.53,-0.43846159706056387,2.4558326932592878,,,,2,5,Bot,,,,,,,1.9000800466917729,-132.47592472463896,-6.429378658772712,-4.653462650080576,28.559907598030016,-13.02027136989958,3.259498032,1.644980315,229,73.6,32,90.3,2419,5.9,823642,669127,701762,643446,691777,687231,691016,672016,671732,54.64,,,,,,,,38,1,4-Seam Fastball,0,1,0,1,1,0,0,1,Standard,Standard,208,-0.003,-0.043,74.0,6.7,,0.043,88.0,-1,-1,0.357,0.357,31,23,31,23,2,1,5,1,5,2,1.22,0.36,-0.36,39.0,2.338951100744587,11.053208439470405,31.86466878598414,40.55326196029205,30.849726316812415
FC,2026-04-12,87.4,-0.92,6.2,"Benge, Carson",701807,650644,,ball,,,,,12,Ball,R,L,R,NYM,ATH,B,,,0,1,2026,0.69,0.71,1.3425196145951213,2.740586204000336,,,,2,5,Bot,,,,,,,3.9065604024639238,-127.36764915571996,-3.547252528868915,6.946388779367481,21.978786878114022,-23.92314911663439,3.259498032,1.644980315,,,,87.5,2610,5.9,823642,669127,701762,643446,691777,687231,691016,672016,671732,54.58,,,,,,,,38,2,Cutter,0,1,0,1,1,0,0,1,Standard,Standard,164,0.002,0.027,,,,-0.027,,-1,-1,0.354,0.354,31,23,31,23,2,1,5,1,5,2,2.23,-0.69,0.69,40.3,,,,,
SI,2026-04-12,91.4,-0.91,6.06,"Benge, Carson",701807,650644,,called_strike,,,,,3,Called Strike,R,L,R,NYM,ATH,S,,,1,1,2026,-1.09,0.83,0.6805024094358294,3.095595803737514,,,,2,5,Bot,,,,,,,6.260300375538849,-133.10175138241206,-3.2487654600947824,-14.222682310187965,25.082132037955546,-21.811938141764404,3.259498032,1.644980315,,,,91,2266,5.7,823642,669127,701762,643446,691777,687231,691016,672016,671732,54.77,,,,,,,,38,3,Sinker,0,1,0,1,1,0,0,1,Standard,Standard,203,-0.004,-0.062,,,,0.062,,-1,-1,0.356,0.356,31,23,31,23,2,1,5,1,5,2,1.87,1.09,-1.09,35.3,,,,,
CU,2026-04-12,77,-0.64,6.42,"Benge, Carson",701807,650644,field_out,hit_into_play,,,,,13,Carson Benge flies out to left fielder Tyler Soderstrom.,R,L,R,NYM,ATH,X,7,fly_ball,1,2,2026,1.28,-1.17,-0.29143319347253827,1.5095207135197635,,,,2,5,Bot,85.32,78.52,,,,,-1.6038649467431352,-112.23896673355819,-1.073326464483338,11.09047321593218,19.94133416752282,-42.13816001208652,3.259498032,1.644980315,314,94.7,39,76.3,3046,5.6,823642,669127,701762,643446,691777,687231,691016,672016,671732,54.88,0.06,0.109,0,1,0,0,3,38,4,Curveball,0,1,0,1,1,0,0,1,Standard,Standard,45,-0.012,-0.182,74.8,7.2,0.211,0.182,94.7,-1,-1,0.352,0.352,31,23,31,23,2,1,5,1,5,2,5,-1.28,1.28,46.7,11.691606432361212,-3.5910717649663733,35.14425174193403,38.475106223958846,44.70638596719783
FC,2026-04-12,87,-0.45,6.26,"Torrens, Luis",620443,650644,,ball,,,,,12,Ball,R,R,R,NYM,ATH,B,,,0,0,2026,0.56,1.12,0.34751499348937565,3.625812236659132,,,,0,6,Bot,,,,,,,0.6956785861645873,-126.72117517584091,-2.275274242752696,5.92451268931449,26.215257801629193,-19.837325032508925,3.178756562,1.604232283,,,,86.1,2634,5.7,823642,669127,701762,643446,691777,687231,691016,672016,671732,54.78,,,,,,,,42,1,Cutter,0,1,0,1,1,0,0,1,Standard,Standard,172,0.006,0.041,,,,-0.041,,-1,-1,0.396,0.396,31,30,31,30,2,1,5,3,5,7,1.89,-0.56,-0.56,47.1,,,,,
FC,2026-04-12,86.3,-0.3,6.27,"Torrens, Luis",620443,650644,,swinging_strike,,,,,5,Swinging Strike,R,R,R,NYM,ATH,S,,,1,0,2026,0.7,1.09,0.1584450569433753,2.2178856234287396,,,,0,6,Bot,,,,,,,-0.36574964591618764,-125.6762936514863,-5.4208720021222545,7.482675518450478,25.086689856438777,-19.705701323323616,3.178756562,1.604232283,,,,85.5,2664,5.7,823642,669127,701762,643446,691777,687231,691016,672016,671732,54.8,,,,,,,,42,2,Cutter,0,1,0,1,1,0,0,1,Standard,Standard,167,-0.008,-0.05,72.0,7.6,,0.05,,-1,-1,0.402,0.402,31,30,31,30,2,1,5,3,5,7,1.96,-0.7,-0.7,42.8,8.796171180112898,5.999863889939538,34.01806472070798,40.8506071926533,23.48779586242255
CU,2026-04-12,77.2,-0.24,6.4,"Torrens, Luis",620443,650644,,ball,,,,,14,Ball,R,R,R,NYM,ATH,B,,,1,1,2026,1.04,-1.55,0.6573937696167413,1.0697414148251303,,,,0,6,Bot,,,,,,,-0.051429723614629164,-112.39351289667016,-1.143898318289001,8.761880035503074,23.53554350321046,-45.15236063664661,3.178756562,1.604232283,,,,75.6,3120,5.5,823642,669127,701762,643446,691777,687231,691016,672016,671732,55.05,,,,,,,,42,3,Curveball,0,1,0,1,1,0,0,1,Standard,Standard,50,0.008,0.055,,,,-0.055,,-1,-1,0.394,0.394,31,30,31,30,2,1,5,3,5,7,5.42,-1.04,-1.04,47.3,,,,,
FC,2026-04-12,88.1,-0.4,6.18,"Torrens, Luis",620443,650644,,foul,,,,,9,Foul,R,R,R,NYM,ATH,S,,,2,1,2026,0.64,0.86,0.6518194452489996,1.7014192537316921,,,,0,6,Bot,,,,,,,1.1558380294683919,-128.37294423923947,-6.416466334634025,7.008163916966635,21.4832945645679,-21.67576481142039,3.178756562,1.604232283,193,71.3,52,88.1,2730,5.8,823642,669127,701762,643446,691777,687231,691016,672016,671732,54.7,,,,,,,,42,4,Cutter,0,1,0,1,1,0,0,1,Standard,Standard,171,-0.012,-0.073,67.7,7.8,,0.073,88.0,-1,-1,0.402,0.402,31,30,31,30,2,1,5,3,5,7,2.03,-0.64,-0.64,40.5,15.336420047546204,18.870845960449536,32.679179059148034,47.02029641769565,22.639675822624948
FF,2026-04-12,92.1,-0.28,6.25,"Torrens, Luis",620443,650644,,foul,,,,,11,Foul,R,R,R,NYM,ATH,S,,,2,2,2026,-0.28,1.67,-0.7006532105307016,3.7437803325631775,,,,0,6,Bot,,,,,,,-0.4255873297156811,-134.11327332401066,-4.002811772244654,-3.2824093213680046,28.94847817868913,-11.380414336654072,3.178756562,1.604232283,218,73.1,45,91.2,2406,5.7,823642,669127,701762,643446,691777,687231,691016,672016,671732,54.79,,,,,,,,42,5,4-Seam Fastball,0,1,0,1,1,0,0,1,Standard,Standard,207,0,0,51.9,5.6,,0,88.0,-1,-1,0.39,0.39,31,30,31,30,2,1,5,3,5,7,1.01,0.28,0.28,46.1,5.723968478231147,16.445559307912408,27.135967853293344,30.821754634136386,15.089678145944164
CU,2026-04-12,76.8,-0.14,6.43,"Torrens, Luis",620443,650644,,foul,,,,,1,Foul,R,R,R,NYM,ATH,S,,,2,2,2026,0.98,-1.28,-0.5130889926833734,3.0931456085123212,,,,0,6,Bot,,,,,,,-2.53849926152934,-111.75801108326462,2.434147558237534,8.709971248078395,20.1545002467437,-43.59589180002451,3.178756562,1.604232283,227,74.3,38,75.6,3145,5.4,823642,669127,701762,643446,691777,687231,691016,672016,671732,55.08,,,,,,,,42,6,Curveball,0,1,0,1,1,0,0,1,Standard,Standard,47,0,0,61.8,5.7,,0,88.0,-1,-1,0.39,0.39,31,30,31,30,2,1,5,3,5,7,5.15,-0.98,-0.98,51.7,-3.2476811386405178,31.935879329622257,32.54996534838111,34.68623290368107,16.02768747699762
SI,2026-04-12,92.8,-0.37,6.11,"Torrens, Luis",620443,650644,,ball,,,,,12,Ball,R,R,R,NYM,ATH,B,,,2,2,2026,-1.19,1.07,0.09193695707961425,3.801973022827049,,,,0,6,Bot,,,,,,,3.7684303402491963,-135.1998848904146,-2.349622355376418,-15.48022084296315,26.808335617649984,-18.69925911763593,3.178756562,1.604232283,,,,92.1,2317,5.6,823642,669127,701762,643446,691777,687231,691016,672016,671732,54.89,,,,,,,,42,7,Sinker,0,1,0,1,1,0,0,1,Standard,Standard,209,0.016,0.112,,,,-0.112,,-1,-1,0.39,0.39,31,30,31,30,2,1,5,3,5,7,1.55,1.19,1.19,35.9,,,,,
FC,2026-04-12,88.6,-0.27,6.24,"Torrens, Luis",620443,650644,single,hit_into_play,,,,,2,Luis Torrens singles on a sharp line drive to right fielder Lawrence Butler.,R,R,R,NYM,ATH,X,9,line_drive,3,2,2026,0.74,0.86,0.2391592552049588,3.008078206646867,,,,0,6,Bot,193.35,115.8,,,,,-0.3374740048942879,-129.21725377031345,-3.5725883123585307,8.440215657473026,21.77196797104248,-21.992971322049627,3.178756562,1.604232283,189,102.5,10,88.7,2821,5.8,823642,669127,701762,643446,691777,687231,691016,672016,671732,54.7,0.849,0.812,0.9,1,1,0,4,42,8,Cutter,0,1,0,1,1,0,0,1,Standard,Standard,161,0.054,0.353,,,1.018,-0.353,102.5,-1,-1,0.406,0.406,31,30,31,30,2,1,5,3,5,7,1.99,-0.74,-0.74,43.8,,,,,
SI,2026-04-12,91,-0.47,6.1,"Taylor, Tyrone",621438,650644,field_out,hit_into_play,,,,,1,Tyrone Taylor flies out to second baseman Jeff McNeil.,R,R,R,NYM,ATH,X,4,fly_ball,0,0,2026,-1.15,1.03,-0.4347802195649193,2.9229147050500606,,,620443,0,6,Bot,135.86,123.92,,,,,2.573870507392436,-132.44406450181407,-4.074977315475811,-14.090947972671117,28.560312959514736,-19.411578584329988,3.231414042,1.630807087,193,62.9,38,90.1,2178,5.8,823642,669127,701762,643446,691777,687231,691016,672016,671732,54.73,0.409,0.368,0,1,0,0,4,43,1,Sinker,0,1,0,1,1,0,0,1,Standard,Strategic,208,-0.059,-0.242,66.5,6.7,0.419,0.242,88.0,-1,-1,0.46,0.46,31,32,31,32,2,1,5,1,5,1,1.73,1.15,1.15,35.9,6.350772206410014,4.5733883700228715,33.9068933031774,31.12812656264407,24.504637799594608
SI,2026-04-12,90.8,-1.05,6.04,"Lindor, Francisco",596019,650644,single,hit_into_play,,,,,4,Francisco Lindor singles on a sharp line drive to center fielder Denzel Clarke. Luis Torrens to 2nd.,R,L,R,NYM,ATH,X,8,line_drive,0,0,2026,-1.15,0.97,-0.6682238333200743,2.145286564863892,,,620443,1,6,Bot,115.89,75.09,,,,,3.4279447510833174,-132.05965383793344,-5.579872994237547,-14.158118385075609,32.1254414608889,-19.83780346889488,3.107668963,1.568356299,259,104.5,11,89.5,2333,5.8,823642,669127,701762,643446,691777,687231,691016,672016,671732,54.67,0.929,0.911,0.9,1,1,0,4,44,1,Sinker,0,1,0,1,1,0,0,1,Standard,Standard,213,0.065,0.406,73.3,7.7,1.174,-0.406,104.5,-1,-1,0.401,0.401,31,32,31,33,3,2,5,1,5,1,1.83,1.15,-1.15,34.1,13.177098865459486,10.321324244984336,34.384488717879584,42.911005822379416,25.81120485065815
FC,2026-04-12,86.4,-1.08,6.18,"Polanco, Jorge",593871,650644,,foul,,,,,8,Foul,R,L,R,NYM,ATH,S,,,0,0,2026,0.61,0.89,-0.11339851260422096,1.7824406137334856,,620443,596019,1,6,Bot,,,,,,,1.0022974591402183,-125.94206682638165,-5.913817213723659,6.4006618025042075,21.474381311727917,-21.80682644481416,3.191043307,1.610433071,3,81.7,-31,86.3,2782,5.8,823642,669127,701762,643446,691777,687231,691016,672016,671732,54.7,,,,,,,,45,1,Cutter,0,1,0,1,1,0,0,1,Standard,Standard,163,-0.012,-0.033,72.4,7.9,,0.033,88.0,-1,-1,0.466,0.466,31,32,31,33,3,2,5,1,5,1,2.12,-0.61,0.61,38.3,12.319981181911933,-17.565471284159695,30.700643598146442,37.87758411228949,35.877595343640934
FS,2026-04-12,84.5,-1.15,5.98,"Polanco, Jorge",593871,650644,,blocked_ball,,,,,13,Ball In Dirt,R,L,R,NYM,ATH,B,,,0,1,2026,-1.32,0.22,-0.5004827089942184,0.16577093899766027,,620443,596019,1,6,Bot,,,,,,,4.089287248961659,-122.77586723358905,-7.1749205551582245,-14.10375086534896,27.088468315150504,-28.559709755879286,3.191043307,1.610433071,,,,83,1639,5.6,823642,669127,701762,643446,691777,687231,691016,672016,671732,54.9,,,,,,,,45,2,Split-Finger,0,1,0,1,1,0,0,1,Standard,Standard,235,0.008,0.018,,,,-0.018,,-1,-1,0.454,0.454,31,32,31,33,3,2,5,1,5,1,3.01,1.32,-1.32,33.5,,,,,
FC,2026-04-12,87.2,-0.97,6.17,"Polanco, Jorge",593871,650644,,called_strike,,,,,7,Called Strike,R,L,R,NYM,ATH,S,,,1,1,2026,0.51,0.9,-0.36969708108338906,1.966232405601597,,620443,596019,1,6,Bot,,,,,,,0.3488494491508485,-127.05003788887308,-5.6226311324922875,5.559120345221885,22.920666872216188,-21.49142026469845,3.191043307,1.610433071,,,,86.9,2700,5.8,823642,669127,701762,643446,691777,687231,691016,672016,671732,54.72,,,,,,,,45,3,Cutter,0,1,0,1,1,0,0,1,Standard,Standard,182,-0.02,-0.058,,,,0.058,,-1,-1,0.462,0.462,31,32,31,33,3,2,5,1,5,1,2.06,-0.51,0.51,39.5,,,,,
SI,2026-04-12,91.4,-1.09,6,"Polanco, Jorge",593871,650644,force_out,hit_into_play,,,,,6,"Jorge Polanco grounds into a force out, second baseman Jeff McNeil to shortstop Darell Hernaiz. Luis Torrens to 3rd. Francisco Lindor out at 2nd. Jorge Polanco to 1st.",R,L,R,NYM,ATH,X,4,ground_ball,1,2,2026,-1.1,1.1,0.547765143636852,2.103587050132382,,620443,596019,1,6,Bot,142.18,165.87,,,,,6.409961974025143,-132.91213351372141,-6.028297863357573,-14.426901795660953,29.659401412352807,-18.034949073018566,3.191043307,1.610433071,6,101.8,-20,90.2,2371,5.7,823642,669127,701762,643446,691777,687231,691016,672016,671732,54.79,0.183,0.168,0,1,0,0,2,45,4,Sinker,0,1,0,1,1,0,0,1,Standard,Standard,213,-0.046,-0.242,70.8,6.5,0.187,0.242,101.8,-1,-1,0.442,0.442,31,32,31,33,3,2,5,1,5,1,1.64,1.1,-1.1,34.2,-8.571672079140917,5.215468824525191,36.81764044197697,31.157497675516208,20.09664997486889
